feature,importance
f_scrolls,0.036
f_session_length,0.035
f_demographics_age,0.033
f_time_since_last_session,0.028
f_absentminded_use,0.025
f_count_session_3h,0.022
f_internet_connected_WIFI,0.022
f_internet_connected_WIFI_wlan0,0.02
f_app_category_time_System,0.02
f_count_session_1h,0.02
f_ringer_mode_normal,0.019
f_app_category_time_Communication,0.018
f_weekday_4.0,0.018
f_count_session_2h,0.018
f_general_use,0.017
f_app_time_com.whatsapp,0.017
f_app_time_com.huawei.android.launcher,0.016
f_glances_since_last_session,0.015
f_clicks,0.014
f_internet_connected_mobile,0.014
f_app_category_count_System,0.013
f_clicks_com.android.systemui,0.012
f_scrolls_app_category_System,0.012
f_clicks_app_category_System,0.01
f_weekday_1.0,0.01
f_ringer_mode_vibrate,0.01
f_app_time_com.instagram.android,0.01
f_scrolls_app_category_Communication,0.01
f_scrolls_com.whatsapp,0.01
f_clicks_com.whatsapp,0.009
f_scrolls_com.huawei.android.launcher,0.009
f_ringer_mode_silent,0.009
f_weekday_3.0,0.009
f_clicks_app_category_Communication,0.008
f_scrolls_com.instagram.android,0.008
f_clicks_com.miui.home,0.007
f_app_count_com.sec.android.app.launcher,0.007
f_app_count_com.huawei.android.launcher,0.007
f_app_time_com.lge.launcher3,0.007
f_hour_of_day_12.0,0.007
f_clicks_app_category_Audio_Entertainment,0.007
f_demographics_gender_2.0,0.007
f_app_category_count_Photo,0.006
f_app_time_com.google.android.apps.nexuslauncher,0.006
f_app_category_time_Social_Media,0.006
f_clicks_com.huawei.android.launcher,0.006
f_internet_disconnected,0.006
f_app_category_time_UNKNOWN,0.006
f_app_category_count_UNKNOWN,0.006
f_app_time_org.thoughtcrime.securesms,0.005
f_clicks_app_category_Social_Media,0.005
f_weekday_2.0,0.005
f_app_category_time_Audio_Entertainment,0.005
f_app_time_com.miui.home,0.005
f_hour_of_day_20.0,0.005
f_scrolls_org.thoughtcrime.securesms,0.005
f_clicks_app_category_Internet,0.005
f_hour_of_day_18.0,0.005
f_hour_of_day_19.0,0.004
f_internet_connected_WIFI_nan,0.004
f_hour_of_day_23.0,0.004
f_hour_of_day_14.0,0.004
f_app_time_com.spotify.music,0.004
f_weekday_5.0,0.004
f_scrolls_app_category_Audio_Entertainment,0.004
f_app_count_com.lge.launcher3,0.004
f_demographics_gender_0.0,0.004
f_app_category_time_Tools,0.004
f_demographics_gender_1.0,0.004
f_app_count_com.miui.home,0.004
f_weekday_6.0,0.004
f_clicks_com.spotify.music,0.004
f_app_count_net.oneplus.launcher,0.003
f_app_count_de.hafas.android.db,0.003
f_app_category_time_Time,0.003
f_app_category_count_Social_Media,0.003
f_app_time_com.android.email,0.003
f_app_category_count_Communication,0.003
f_app_count_de.gmx.mobile.android.mail,0.003
f_app_time_com.android.settings,0.003
f_app_category_count_Audio_Entertainment,0.003
f_clicks_org.thoughtcrime.securesms,0.003
f_scrolls_com.spotify.music,0.003
f_hour_of_day_16.0,0.003
f_hour_of_day_17.0,0.003
f_app_count_com.whatsapp,0.003
f_clicks_app_category_Photo,0.003
f_app_category_count_Tools,0.003
f_app_time_org.telegram.messenger,0.003
f_clicks_com.saggitt.omega,0.003
f_app_category_count_Internet,0.003
f_weekday_0.0,0.003
f_app_time_com.monlamit.germantbdic,0.002
f_scrolls_eu.faircode.email,0.002
f_app_category_time_Orientation,0.002
f_internet_connected_WIFI_<unknown ssid>,0.002
f_scrolls_app_category_Visual_Entertainment,0.002
f_app_category_time_Settings,0.002
f_app_time_com.google.android.apps.docs,0.002
f_clicks_org.telegram.messenger,0.002
f_clicks_com.snapchat.android,0.002
f_scrolls_app_category_UNKNOWN,0.002
f_app_count_com.google.android.apps.maps,0.002
f_app_category_time_Health,0.002
f_app_time_se.maginteractive.quizduel2,0.002
f_app_count_com.android.systemui,0.002
f_clicks_com.huawei.camera,0.002
f_app_count_com.saggitt.omega,0.002
f_scrolls_com.tellm.android.app,0.002
f_scrolls_app_category_Photo,0.002
f_scrolls_app_category_Transportation,0.002
f_app_count_com.google.android.permissioncontroller,0.002
f_app_category_time_Photo,0.002
f_scrolls_de.hafas.android.db,0.002
f_scrolls_com.sec.android.app.launcher,0.002
f_app_category_time_Internet,0.002
f_app_time_com.discord,0.002
f_hour_of_day_7.0,0.002
f_hour_of_day_8.0,0.002
f_app_count_com.spotify.music,0.002
f_scrolls_com.tinder,0.002
f_hour_of_day_9.0,0.002
f_app_category_count_Finance,0.002
f_app_count_com.google.android.apps.nexuslauncher,0.002
f_hour_of_day_1.0,0.002
f_clicks_com.android.chrome,0.002
f_clicks_app_category_UNKNOWN,0.002
f_scrolls_com.facebook.katana,0.002
f_app_time_com.sec.android.app.launcher,0.002
f_hour_of_day_22.0,0.002
f_app_count_de.web.mobile.android.mail,0.001
f_app_count_org.mozilla.klar,0.001
f_clicks_org.mozilla.klar,0.001
f_app_count_com.nianticlabs.pokemongo,0.001
f_app_category_count_Visual_Entertainment,0.001
f_scrolls_de.payback.client.android,0.001
f_app_count_com.amazon.mShop.android.shopping,0.001
f_clicks_de.web.mobile.android.mail,0.001
f_app_count_com.google.android.youtube,0.001
f_app_count_com.twitter.android,0.001
f_scrolls_com.android.contacts,0.001
f_clicks_com.twitter.android,0.001
f_app_count_com.urbandroid.sleep,0.001
f_scrolls_org.thunderdog.challegram,0.001
f_scrolls_de.hafas.android.vos,0.001
f_app_count_com.miui.notes,0.001
f_clicks_com.sec.android.app.launcher,0.001
f_app_count_com.android.incallui,0.001
f_app_count_com.facebook.katana,0.001
f_clicks_com.google.android.calendar,0.001
f_app_count_com.android.deskclock,0.001
f_app_time_com.google.android.calendar,0.001
f_scrolls_de.empfohlen,0.001
f_clicks_us.zoom.videomeetings,0.001
f_scrolls_com.miui.home,0.001
f_scrolls_com.android.systemui,0.001
f_scrolls_com.samsung.android.email.provider,0.001
f_app_count_com.google.android.apps.photos,0.001
f_app_count_com.discord,0.001
f_app_time_com.sonymobile.launcher,0.001
f_app_count_com.sonos.acr2,0.001
f_clicks_com.sonymobile.launcher,0.001
f_clicks_com.discord,0.001
f_app_time_com.atptour.atptour,0.001
f_app_count_com.android.contacts,0.001
f_clicks_com.samsung.android.app.notes,0.001
f_app_time_com.android.systemui,0.001
f_app_count_com.google.android.talk,0.001
f_scrolls_com.google.android.inputmethod.latin,0.001
f_app_category_time_Transportation,0.001
f_app_time_de.hafas.android.db,0.001
f_app_time_com.reddit.frontpage,0.001
f_app_time_com.huawei.android.internal.app,0.001
f_clicks_app_category_Weather,0.001
f_app_time_com.android.deskclock,0.001
f_app_count_com.reddit.frontpage,0.001
f_app_time_com.einsundeinstv.player,0.001
f_app_time_com.ecosia.android,0.001
f_scrolls_com.opera.gx,0.001
f_clicks_app_category_Settings,0.001
f_clicks_com.amazon.avod.thirdpartyclient,0.001
f_scrolls_app_category_Health,0.001
f_app_time_com.sec.android.app.samsungapps,0.001
f_clicks_pl.idreams.Dino,0.001
f_app_count_com.android.settings,0.001
f_app_count_at.pandocs,0.001
f_app_count_com.huawei.search,0.001
f_app_count_com.android.email,0.001
f_app_time_com.snapchat.android,0.001
f_app_time_com.tinder,0.001
f_app_time_com.mergegame.merge,0.001
f_scrolls_app_category_Social_Media,0.001
f_hour_of_day_5.0,0.001
f_hour_of_day_10.0,0.001
f_hour_of_day_11.0,0.001
f_app_category_count_Shopping,0.001
f_clicks_com.oppo.launcher,0.001
f_scrolls_com.android.settings,0.001
f_hour_of_day_13.0,0.001
f_hour_of_day_15.0,0.001
f_clicks_com.google.android.gm,0.001
f_clicks_android,0.001
f_app_time_com.bumble.app,0.001
f_scrolls_other,0.001
f_app_category_time_Weather,0.001
f_app_time_com.android.chrome,0.001
f_app_count_com.android.chrome,0.001
f_scrolls_app_category_Internet,0.001
f_app_category_count_Weather,0.001
f_app_time_com.huawei.hidisk,0.001
f_app_time_ch.publisheria.bring,0.001
f_scrolls_com.android.vending,0.001
f_app_count_com.sec.android.app.camera,0.001
f_app_category_count_Orientation,0.001
f_app_time_ginlemon.flowerfree,0.001
f_app_time_com.google.android.permissioncontroller,0.001
f_app_count_in.sweatco.app,0.001
f_app_count_com.android.gallery3d,0.001
f_app_time_com.huawei.hisuite,0.001
f_app_time_de.dhl.paket,0.001
f_app_time_com.android.gallery3d,0.001
f_app_count_ginlemon.flowerfree,0.001
f_clicks_de.hafas.android.sbm,0.001
f_clicks_org.thunderdog.challegram,0.001
f_app_time_com.teamwood.spacewood.unity,0
f_clicks_de.spiegel.android.app.spon,0
f_app_count_com.google.android.deskclock,0
f_scrolls_com.google.android.deskclock,0
f_app_count_de.spiegel.android.app.spon,0
f_scrolls_de.spiegel.android.app.spon,0
f_app_time_com.google.android.deskclock,0
f_app_time_de.spiegel.android.app.spon,0
f_app_count_in.plackal.lovecyclesfree,0
f_app_time_in.plackal.lovecyclesfree,0
f_clicks_com.hellochinese,0
f_scrolls_de.hafas.android.sbm,0
f_clicks_info.woodsmall.calculator,0
f_app_count_info.woodsmall.calculator,0
f_app_time_info.woodsmall.calculator,0
f_scrolls_com.spond.spond,0
f_app_count_com.spond.spond,0
f_app_count_com.google.android.calendar,0
f_scrolls_com.google.android.calendar,0
f_app_count_com.hellochinese,0
f_app_time_com.wetter.androidclient,0
f_app_count_com.evernote,0
f_app_time_de.ingdiba.bankingapp,0
f_app_count_com.opera.gx,0
f_app_count_de.cellular.focus,0
f_app_time_de.cellular.focus,0
f_clicks_com.chsoftware.regenvorschau,0
f_clicks_de.cellular.focus,0
f_clicks_com.wetter.androidclient,0
f_scrolls_com.wetter.androidclient,0
f_app_count_com.wetter.androidclient,0
f_scrolls_de.ingdiba.bankingapp,0
f_app_time_com.opera.gx,0
f_clicks_com.pinterest,0
f_scrolls_org.mozilla.firefox,0
f_clicks_org.mozilla.firefox,0
f_app_count_org.mozilla.firefox,0
f_clicks_de.ingdiba.bankingapp,0
f_scrolls_com.evernote,0
f_clicks_com.evernote,0
f_app_time_com.hellochinese,0
f_app_time_org.mozilla.firefox,0
f_scrolls_org.spielerplus.web,0
f_app_time_com.spond.spond,0
f_clicks_org.spielerplus.web,0
f_clicks_com.google.android.deskclock,0
f_app_time_ch.threema.app,0
f_clicks_com.atomicadd.fotos,0
f_app_count_com.atomicadd.fotos,0
f_app_time_com.atomicadd.fotos,0
f_scrolls_com.android.captiveportallogin,0
f_app_count_com.android.phone,0
f_clicks_com.simplemobiletools.gallery,0
f_app_time_com.todoist,0
f_app_time_com.android.phone,0
f_scrolls_com.sonymobile.launcher,0
f_app_count_com.sonymobile.launcher,0
f_app_count_com.microsoft.office.onenote,0
f_app_category_time_Reading,0
f_app_count_com.todoist,0
f_clicks_eu.faircode.email,0
f_app_count_eu.faircode.email,0
f_app_time_eu.faircode.email,0
f_app_time_com.microsoft.office.onenote,0
f_app_count_ch.threema.app,0
f_scrolls_com.todoist,0
f_app_count_com.teamwood.spacewood.unity,0
f_clicks_com.todoist,0
f_clicks_ch.threema.app,0
f_scrolls_com.atomicadd.fotos,0
f_app_category_count_Reading,0
f_scrolls_ch.threema.app,0
f_app_count_de.itech_gmbh.meinlaborergebnis,0
f_scrolls_com.hellochinese,0
f_app_time_com.duolingo,0
f_app_count_org.spielerplus.web,0
f_app_time_org.spielerplus.web,0
f_scrolls_de.bfv.android,0
f_app_count_de.bfv.android,0
f_app_time_de.bfv.android,0
f_clicks_de.bfv.android,0
f_app_count_com.duolingo,0
f_clicks_com.spond.spond,0
f_app_time_de.itech_gmbh.meinlaborergebnis,0
f_clicks_app_category_Reading,0
f_scrolls_de.itech_gmbh.meinlaborergebnis,0
f_app_count_de.hafas.android.sbm,0
f_clicks_com.opera.gx,0
f_clicks_de.itech_gmbh.meinlaborergebnis,0
f_clicks_com.duolingo,0
f_scrolls_app_category_Reading,0
f_scrolls_com.duolingo,0
f_app_time_de.hafas.android.sbm,0
f_app_time_com.simplemobiletools.gallery,0
f_app_count_com.simplemobiletools.gallery,0
f_app_count_de.ingdiba.bankingapp,0
f_clicks_de.wetteronline.regenradar,0
f_scrolls_de.cellular.focus,0
f_app_count_de.spardab.banking.privat,0
f_clicks_org.lobsangmonlam.dictionary,0
f_scrolls_org.lobsangmonlam.dictionary,0
f_app_time_com.urbandroid.sleep,0
f_clicks_com.urbandroid.sleep,0
f_scrolls_com.urbandroid.sleep,0
f_app_time_de.spardab.banking.privat,0
f_app_count_com.einsundeinstv.player,0
f_app_count_com.zdf.android.mediathek,0
f_scrolls_com.einsundeinstv.player,0
f_clicks_com.einsundeinstv.player,0
f_app_count_com.huawei.hisuite,0
f_clicks_com.huawei.systemmanager,0
f_scrolls_com.huawei.systemmanager,0
f_app_time_com.google.ar.lens,0
f_app_count_org.lobsangmonlam.dictionary,0
f_app_time_org.lobsangmonlam.dictionary,0
f_clicks_de.christian_steinert.tibetandict,0
f_scrolls_de.christian_steinert.tibetandict,0
f_app_count_de.christian_steinert.tibetandict,0
f_app_time_de.christian_steinert.tibetandict,0
f_scrolls_com.huawei.hidisk,0
f_clicks_com.huawei.hidisk,0
f_scrolls_com.huawei.intelligent,0
f_clicks_com.huawei.intelligent,0
f_app_count_com.huawei.intelligent,0
f_app_time_com.huawei.intelligent,0
f_scrolls_de.swr.avp.ard,0
f_clicks_de.swr.avp.ard,0
f_app_count_de.swr.avp.ard,0
f_app_time_de.swr.avp.ard,0
f_clicks_com.zdf.android.mediathek,0
f_app_count_com.google.ar.lens,0
f_scrolls_com.facebook.orca,0
f_app_time_com.facebook.orca,0
f_clicks_com.unicredit,0
f_app_count_com.android.calendar,0
f_app_time_com.android.calendar,0
f_scrolls_com.bumble.app,0
f_scrolls_app_category_Dating,0
f_app_count_com.bumble.app,0
f_app_category_count_Dating,0
f_app_category_time_Dating,0
f_clicks_com.bumble.app,0
f_clicks_app_category_Dating,0
f_clicks_com.tinder,0
f_app_count_com.tinder,0
f_scrolls_com.tribab.tricount.android,0
f_app_count_com.tribab.tricount.android,0
f_app_time_com.tribab.tricount.android,0
f_app_count_com.unicredit,0
f_app_count_com.facebook.orca,0
f_app_time_com.unicredit,0
f_scrolls_com.android.soundrecorder,0
f_clicks_com.android.soundrecorder,0
f_app_count_com.android.soundrecorder,0
f_app_time_com.android.soundrecorder,0
f_app_count_com.ubercab.eats,0
f_app_time_com.ubercab.eats,0
f_clicks_com.ubercab.eats,0
f_scrolls_com.ubercab.eats,0
f_app_count_com.android.server.telecom,0
f_app_time_com.android.server.telecom,0
f_clicks_com.android.captiveportallogin,0
f_app_count_com.android.captiveportallogin,0
f_app_time_com.android.captiveportallogin,0
f_scrolls_com.zdf.android.mediathek,0
f_app_time_com.zdf.android.mediathek,0
f_app_time_com.google.android.apps.translate,0
f_app_time_fm.player,0
f_app_count_de.donaukurier.news,0
f_clicks_de.donaukurier.news,0
f_scrolls_de.donaukurier.news,0
f_app_time_instagramdownloader.instasaver.instasave,0
f_app_count_instagramdownloader.instasaver.instasave,0
f_scrolls_instagramdownloader.instasaver.instasave,0
f_app_count_fm.player,0
f_app_count_com.monlamit.dictionary,0
f_app_time_com.opera.browser,0
f_app_count_com.opera.browser,0
f_clicks_com.opera.browser,0
f_scrolls_com.opera.browser,0
f_clicks_fm.player,0
f_scrolls_fm.player,0
f_app_time_de.donaukurier.news,0
f_app_count_no.nrk.yr,0
f_app_time_no.nrk.yr,0
f_scrolls_no.nrk.yr,0
f_clicks_no.nrk.yr,0
f_clicks_com.brave.browser,0
f_scrolls_com.brave.browser,0
f_app_count_com.brave.browser,0
f_app_time_com.brave.browser,0
f_clicks_com.android.calendar,0
f_app_count_de.br.sep.news.br24,0
f_app_time_de.br.sep.news.br24,0
f_app_count_com.amazon.dee.app,0
f_app_time_com.amazon.dee.app,0
f_scrolls_com.flickr.android,0
f_clicks_com.flickr.android,0
f_app_count_com.google.android.apps.translate,0
f_scrolls_com.google.android.apps.translate,0
f_clicks_com.google.android.apps.translate,0
f_clicks_de.br.sep.news.br24,0
f_scrolls_de.wetteronline.regenradar,0
f_app_time_com.monlamit.dictionary,0
f_scrolls_com.google.android.apps.docs.editors.docs,0
f_app_count_com.google.android.apps.docs.editors.docs,0
f_app_time_com.google.android.apps.docs.editors.docs,0
f_clicks_org.leo.android.dict,0
f_scrolls_org.leo.android.dict,0
f_app_count_org.leo.android.dict,0
f_app_time_org.leo.android.dict,0
f_clicks_com.monlamit.germantbdic,0
f_scrolls_com.monlamit.germantbdic,0
f_app_count_com.monlamit.germantbdic,0
f_app_count_us.zoom.videomeetings,0
f_app_time_us.zoom.videomeetings,0
f_scrolls_us.zoom.videomeetings,0
f_app_count_de.wetteronline.regenradar,0
f_scrolls_de.br.sep.news.br24,0
f_app_time_de.wetteronline.regenradar,0
f_scrolls_com.google.android.contacts,0
f_clicks_com.google.android.contacts,0
f_app_count_com.google.android.contacts,0
f_app_time_com.google.android.contacts,0
f_scrolls_com.coloros.weather2,0
f_app_count_com.coloros.weather2,0
f_app_time_com.coloros.weather2,0
f_clicks_com.google.android.apps.wellbeing,0
f_app_count_com.google.android.keep,0
f_app_time_com.google.android.keep,0
f_scrolls_com.google.android.apps.wellbeing,0
f_app_count_com.google.android.apps.wellbeing,0
f_app_time_com.google.android.apps.wellbeing,0
f_app_time_com.evernote,0
f_clicks_com.lge.bluetoothsetting,0
f_clicks_de.eue.mobile.android.mail,0
f_app_time_com.runtastic.android,0
f_clicks_com.oneplus.camera,0
f_clicks_com.google.android.keep,0
f_scrolls_com.google.android.keep,0
f_scrolls_net.oneplus.launcher,0
f_clicks_net.oneplus.launcher,0
f_app_time_net.oneplus.launcher,0
f_app_count_com.runtastic.android,0
f_scrolls_us.personals,0
f_clicks_com.runtastic.android,0
f_scrolls_com.runtastic.android,0
f_clicks_com.miui.weather2,0
f_app_time_com.db.pwcc.dbmobile,0
f_app_count_com.db.pwcc.dbmobile,0
f_app_time_com.popularapp.periodcalendar,0
f_app_count_com.oneplus.camera,0
f_app_time_com.oneplus.camera,0
f_app_count_com.oneplus.gallery,0
f_app_time_com.oneplus.gallery,0
f_app_count_com.google.android.apps.books,0
f_app_time_com.google.android.apps.books,0
f_clicks_com.mapmyrun.android2,0
f_scrolls_com.mapmyrun.android2,0
f_app_count_com.baviux.pillreminder,0
f_app_time_com.baviux.pillreminder,0
f_app_count_com.mapmyrun.android2,0
f_app_time_com.mapmyrun.android2,0
f_clicks_com.baviux.pillreminder,0
f_app_time_com.saggitt.omega,0
f_scrolls_com.saggitt.omega,0
f_scrolls_com.samsung.android.app.cocktailbarservice,0
f_clicks_journal.gratitude.com.gratitudejournal,0
f_app_count_com.popularapp.periodcalendar,0
f_clicks_com.wtatour.wtascores,0
f_app_time_com.android.thememanager,0
f_app_time_con.hotspot.vpn.free.master,0
f_app_count_com.atptour.atptour,0
f_clicks_com.atptour.atptour,0
f_scrolls_com.atptour.atptour,0
f_app_time_com.wtatour.wtascores,0
f_app_count_com.wtatour.wtascores,0
f_internet_connected_WIFI_tun1,0
f_app_count_con.hotspot.vpn.free.master,0
f_scrolls_com.wtatour.wtascores,0
f_scrolls_con.hotspot.vpn.free.master,0
f_clicks_con.hotspot.vpn.free.master,0
f_scrolls_com.symcoding.widget.stickynotes,0
f_app_time_com.Slack,0
f_app_count_com.Slack,0
f_clicks_com.Slack,0
f_app_count_com.tennistv.cdtv,0
f_app_time_com.tennistv.cdtv,0
f_app_count_com.example.shredder,0
f_app_time_com.example.shredder,0
f_app_count_com.bigduckgames.flowhexes,0
f_app_time_com.bigduckgames.flowhexes,0
f_scrolls_com.miui.weather2,0
f_app_count_com.miui.weather2,0
f_app_time_com.miui.weather2,0
f_scrolls_com.miui.cleanmaster,0
f_clicks_com.miui.cleanmaster,0
f_app_count_com.miui.cleanmaster,0
f_app_time_com.miui.cleanmaster,0
f_app_count_com.amazon.kindle,0
f_app_time_com.amazon.kindle,0
f_app_count_us.personals,0
f_app_time_us.personals,0
f_app_count_journal.gratitude.com.gratitudejournal,0
f_app_time_journal.gratitude.com.gratitudejournal,0
f_scrolls_journal.gratitude.com.gratitudejournal,0
f_scrolls_de.bayern.lgl.apollo,0
f_app_count_com.adobe.lrmobile,0
f_app_time_easy.sudoku.puzzle.solver.free,0
f_app_count_easy.sudoku.puzzle.solver.free,0
f_clicks_easy.sudoku.puzzle.solver.free,0
f_app_time_de.bayern.lgl.apollo,0
f_app_count_de.bayern.lgl.apollo,0
f_clicks_de.bayern.lgl.apollo,0
f_app_count_de.program_co.benclockradioplusplus,0
f_app_time_eu.smartpatient.mytherapy,0
f_app_count_eu.smartpatient.mytherapy,0
f_clicks_eu.smartpatient.mytherapy,0
f_scrolls_eu.smartpatient.mytherapy,0
f_app_time_de.miamed.amboss.knowledge,0
f_app_count_de.miamed.amboss.knowledge,0
f_app_time_com.adobe.lrmobile,0
f_app_count_mbanking.NBG,0
f_app_time_mbanking.NBG,0
f_hour_of_day_0.0,0
f_hour_of_day_2.0,0
f_hour_of_day_3.0,0
f_hour_of_day_4.0,0
f_hour_of_day_6.0,0
f_hour_of_day_21.0,0
f_hour_of_day_nan,0
f_ringer_mode_unknown,0
f_internet_else,0
f_weekday_nan,0
f_clicks_other,0
f_app_count_other,0
f_app_time_other,0
f_app_category_count_other,0
f_clicks_de.miamed.amboss.knowledge,0
f_scrolls_de.miamed.amboss.knowledge,0
f_app_time_com.tellm.android.app,0
f_scrolls_com.qwant.liberty,0
f_app_time_de.program_co.benclockradioplusplus,0
f_clicks_com.samsung.android.app.cocktailbarservice,0
f_scrolls_ch.protonmail.android,0
f_clicks_ch.protonmail.android,0
f_app_count_ch.protonmail.android,0
f_app_time_ch.protonmail.android,0
f_scrolls_widget.dd.com.overdrop.free,0
f_app_count_widget.dd.com.overdrop.free,0
f_app_time_widget.dd.com.overdrop.free,0
f_clicks_de.program_co.benclockradioplusplus,0
f_scrolls_de.program_co.benclockradioplusplus,0
f_scrolls_com.app.tgtg,0
f_app_count_com.app.tgtg,0
f_app_time_com.app.tgtg,0
f_clicks_com.qwant.liberty,0
f_app_count_com.tellm.android.app,0
f_app_count_com.qwant.liberty,0
f_app_time_com.qwant.liberty,0
f_clicks_com.revolut.revolut,0
f_scrolls_com.revolut.revolut,0
f_app_count_com.revolut.revolut,0
f_app_time_com.revolut.revolut,0
f_clicks_com.samsung.android.app.telephonyui,0
f_scrolls_com.rhmsoft.pulsar,0
f_clicks_com.rhmsoft.pulsar,0
f_app_count_com.rhmsoft.pulsar,0
f_app_time_com.rhmsoft.pulsar,0
f_app_count_org.blokada.origin.alarm,0
f_app_time_org.blokada.origin.alarm,0
f_clicks_com.tellm.android.app,0
f_scrolls_com.Slack,0
f_app_count_com.android.thememanager,0
f_scrolls_de.eue.mobile.android.mail,0
f_app_count_com.lge.email,0
f_app_count_com.google.android.calculator,0
f_app_time_com.x8bit.bitwarden,0
f_app_count_com.x8bit.bitwarden,0
f_clicks_se.maginteractive.quizduel2,0
f_app_count_se.maginteractive.quizduel2,0
f_app_time_com.lge.email,0
f_scrolls_com.lge.email,0
f_app_count_org.thunderdog.challegram,0
f_clicks_com.lge.email,0
f_app_time_org.mozilla.klar,0
f_scrolls_org.mozilla.klar,0
f_clicks_com.lge.launcher3,0
f_scrolls_com.oppo.launcher,0
f_scrolls_com.lge.launcher3,0
f_app_time_com.google.android.calculator,0
f_scrolls_com.lge.bluetoothsetting,0
f_app_time_com.huawei.systemmanager,0
f_app_count_com.lge.bluetoothsetting,0
f_app_time_com.lge.bluetoothsetting,0
f_app_count_org.lichess.mobileapp,0
f_app_time_org.lichess.mobileapp,0
f_scrolls_com.google.android.calculator,0
f_clicks_com.google.android.calculator,0
f_scrolls_com.lge.clock,0
f_clicks_com.lge.clock,0
f_app_count_com.lge.clock,0
f_app_time_com.lge.clock,0
f_scrolls_com.lge.wifisettings,0
f_app_count_com.lge.wifisettings,0
f_app_time_com.lge.wifisettings,0
f_scrolls_com.vanced.android.youtube,0
f_app_time_org.thunderdog.challegram,0
f_app_time_com.lge.camera,0
f_clicks_com.android.thememanager,0
f_clicks_com.sec.android.app.shealth,0
f_scrolls_at.pandocs,0
f_clicks_com.google.android.apps.magazines,0
f_app_time_de.eplus.mappecc.client.android.alditalk,0
f_app_count_de.eplus.mappecc.client.android.alditalk,0
f_clicks_com.facebook.orca,0
f_clicks_com.samsung.desktopsystemui,0
f_scrolls_com.sec.android.app.shealth,0
f_app_count_com.lge.camera,0
f_app_time_com.tumblr,0
f_app_count_com.tumblr,0
f_clicks_com.tumblr,0
f_scrolls_com.tumblr,0
f_app_time_de.eue.mobile.android.mail,0
f_app_count_de.eue.mobile.android.mail,0
f_clicks_at.pandocs,0
f_app_time_at.pandocs,0
f_app_count_pl.idreams.Dino,0
f_app_time_pl.idreams.Dino,0
f_app_count_com.starfinanz.smob.android.sfinanzstatus,0
f_app_time_com.starfinanz.smob.android.sfinanzstatus,0
f_app_count_com.starfinanz.mobile.android.pushtan,0
f_app_time_com.starfinanz.mobile.android.pushtan,0
f_app_count_com.easybrain.block.puzzle.games,0
f_app_time_com.easybrain.block.puzzle.games,0
f_app_count_de.cellular.ottohybrid,0
f_app_time_de.cellular.ottohybrid,0
f_clicks_com.huawei.search,0
f_clicks_ginlemon.flowerfree,0
f_scrolls_ginlemon.flowerfree,0
f_scrolls_com.lge.camera,0
f_clicks_com.lge.camera,0
f_clicks_com.vanced.android.youtube,0
f_clicks_com.lge.wifisettings,0
f_app_count_com.vanced.android.youtube,0
f_scrolls_com.goodreads,0
f_clicks_de.hafas.android.vos,0
f_app_time_com.lge.lifetracker,0
f_app_count_com.lge.lifetracker,0
f_scrolls_com.lge.lifetracker,0
f_app_time_com.goodreads,0
f_app_count_com.goodreads,0
f_clicks_com.patreon.android,0
f_app_time_com.vanced.android.youtube,0
f_app_time_com.patreon.android,0
f_app_count_com.patreon.android,0
f_app_time_br.mediathek,0
f_app_count_br.mediathek,0
f_clicks_br.mediathek,0
f_scrolls_br.mediathek,0
f_app_count_de.hafas.android.vos,0
f_app_time_de.hafas.android.vos,0
f_clicks_de.hafas.android.vbn,0
f_app_count_de.hafas.android.vbn,0
f_app_time_de.hafas.android.vbn,0
f_scrolls_de.hafas.android.vbn,0
f_clicks_com.goodreads,0
f_scrolls_com.facemoji.lite.xiaomi,0
f_scrolls_com.yahoo.mobile.client.android.mail,0
f_clicks_com.yahoo.mobile.client.android.mail,0
f_app_count_com.yahoo.mobile.client.android.mail,0
f_app_time_com.yahoo.mobile.client.android.mail,0
f_scrolls_com.mi.globalbrowser,0
f_clicks_com.mi.globalbrowser,0
f_clicks_com.facemoji.lite.xiaomi,0
f_clicks_com.xiaomi.calendar,0
f_scrolls_com.android.thememanager,0
f_clicks_de.tagesschau,0
f_app_time_com.google.android.apps.paidtasks,0
f_app_count_com.google.android.apps.paidtasks,0
f_clicks_com.lge.sizechangable.weather,0
f_app_count_com.bookbeat.android,0
f_app_time_com.bookbeat.android,0
f_clicks_com.bookbeat.android,0
f_scrolls_com.bookbeat.android,0
f_scrolls_com.timehop,0
f_app_count_com.timehop,0
f_app_time_com.timehop,0
f_app_count_tesmath.calcy,0
f_app_time_tesmath.calcy,0
f_scrolls_tesmath.calcy,0
f_clicks_tesmath.calcy,0
f_clicks_com.easybrain.nonogram.color,0
f_app_count_com.easybrain.nonogram.color,0
f_app_time_com.easybrain.nonogram.color,0
f_scrolls_com.google.android.talk,0
f_clicks_com.pixel.art.coloring.color.number,0
f_clicks_com.google.android.talk,0
f_app_time_com.google.android.talk,0
f_clicks_com.pg.oralb.oralbapp,0
f_app_count_com.pg.oralb.oralbapp,0
f_app_time_com.pg.oralb.oralbapp,0
f_scrolls_de.tagesschau,0
f_app_count_de.tagesschau,0
f_app_time_de.tagesschau,0
f_clicks_net.daylio,0
f_scrolls_net.daylio,0
f_app_count_net.daylio,0
f_app_time_net.daylio,0
f_app_count_com.pixel.art.coloring.color.number,0
f_app_time_com.pixel.art.coloring.color.number,0
f_scrolls_com.android.calendar,0
f_app_category_time_Finance,0
f_app_count_com.huawei.systemmanager,0
f_clicks_com.miui.securitycenter,0
f_scrolls_com.wggesucht.android,0
f_clicks_com.miui.calculator,0
f_scrolls_com.miui.calculator,0
f_app_time_com.miui.notes,0
f_clicks_com.miui.notes,0
f_scrolls_com.miui.notes,0
f_app_time_com.miui.calculator,0
f_app_count_com.wggesucht.android,0
f_app_count_com.miui.calculator,0
f_clicks_com.miui.cleaner,0
f_scrolls_com.miui.cleaner,0
f_app_time_com.xiaomi.calendar,0
f_app_count_com.xiaomi.calendar,0
f_scrolls_app_category_Time,0
f_clicks_com.wggesucht.android,0
f_app_time_com.wggesucht.android,0
f_app_count_org.telegram.messenger,0
f_clicks_com.sec.android.app.clockpackage,0
f_scrolls_de.tellonym.app,0
f_clicks_com.samsung.android.lool,0
f_app_time_de.web.mobile.android.mail,0
f_scrolls_de.web.mobile.android.mail,0
f_app_time_com.twitter.android,0
f_clicks_app_category_Time,0
f_scrolls_com.twitter.android,0
f_scrolls_com.google.android.gms,0
f_app_time_de.rki.coronawarnapp,0
f_app_count_de.rki.coronawarnapp,0
f_clicks_de.rki.coronawarnapp,0
f_scrolls_de.rki.coronawarnapp,0
f_scrolls_com.samsung.android.honeyboard,0
f_clicks_com.samsung.android.honeyboard,0
f_scrolls_com.xiaomi.calendar,0
f_app_time_com.android.mms,0
f_app_time_de.tellonym.app,0
f_app_count_com.android.camera,0
f_app_count_com.android.htmlviewer,0
f_clicks_com.android.htmlviewer,0
f_app_time_de.number26.android,0
f_app_count_de.number26.android,0
f_clicks_com.miui.gallery,0
f_app_time_com.android.camera,0
f_scrolls_com.android.camera,0
f_app_count_com.mi.globalbrowser,0
f_app_time_com.mi.android.globalFileexplorer,0
f_app_count_com.mi.android.globalFileexplorer,0
f_clicks_com.mi.android.globalFileexplorer,0
f_scrolls_com.mi.android.globalFileexplorer,0
f_app_time_com.miui.gallery,0
f_app_count_com.miui.gallery,0
f_app_time_com.android.htmlviewer,0
f_app_time_com.mi.globalbrowser,0
f_app_count_com.android.mms,0
f_scrolls_com.android.phone,0
f_clicks_com.android.camera,0
f_clicks_com.android.incallui,0
f_clicks_com.android.contacts,0
f_clicks_com.miui.global.packageinstaller,0
f_clicks_com.android.mms,0
f_clicks_com.android.phone,0
f_app_category_count_Time,0
f_app_time_com.android.contacts,0
f_app_time_com.miui.cleaner,0
f_app_count_com.miui.cleaner,0
f_app_category_time_Security,0
f_app_category_count_Security,0
f_app_time_com.miui.securitycenter,0
f_app_count_com.miui.securitycenter,0
f_app_count_de.tellonym.app,0
f_clicks_com.sec.android.daemonapp,0
f_clicks_com.android.keyguard,0
f_clicks_com.advanzia.mobile,0
f_scrolls_com.northpark.drinkwater,0
f_app_time_com.supercell.clashofclans,0
f_app_count_com.supercell.clashofclans,0
f_app_time_com.advanzia.mobile,0
f_app_count_com.advanzia.mobile,0
f_scrolls_com.advanzia.mobile,0
f_app_time_de.comdirect.app,0
f_app_count_com.northpark.drinkwater,0
f_app_count_de.comdirect.app,0
f_clicks_de.comdirect.app,0
f_scrolls_de.comdirect.app,0
f_app_time_de.fiduciagad.banking.vr,0
f_app_count_de.fiduciagad.banking.vr,0
f_app_category_time_Knowledge,0
f_clicks_com.northpark.drinkwater,0
f_app_time_com.northpark.drinkwater,0
f_app_time_com.microsoft.translator,0
f_scrolls_com.barclaycard.germany,0
f_app_time_com.sec.android.app.popupcalculator,0
f_app_count_com.sec.android.app.popupcalculator,0
f_clicks_com.sec.android.app.popupcalculator,0
f_app_time_com.barclaycard.germany,0
f_app_count_com.barclaycard.germany,0
f_clicks_com.barclaycard.germany,0
f_app_time_com.samsung.android.calendar,0
f_scrolls_com.sec.android.gallery3d,0
f_app_count_com.samsung.android.calendar,0
f_clicks_com.samsung.android.calendar,0
f_scrolls_com.samsung.android.calendar,0
f_app_time_com.sec.android.gallery3d,0
f_app_count_com.sec.android.gallery3d,0
f_clicks_com.sec.android.gallery3d,0
f_app_category_count_Knowledge,0
f_app_count_com.microsoft.translator,0
f_scrolls_org.telegram.messenger,0
f_app_time_com.opera.touch,0
f_scrolls_com.discord,0
f_internet_connected_WIFI_tun0,0
f_clicks_de.freenet.mail,0
f_scrolls_de.freenet.mail,0
f_app_time_de.freenet.mail,0
f_app_count_de.freenet.mail,0
f_app_count_com.opera.touch,0
f_scrolls_com.samsung.android.dialer,0
f_clicks_com.opera.touch,0
f_scrolls_com.opera.touch,0
f_app_time_com.nordvpn.android,0
f_app_count_com.nordvpn.android,0
f_clicks_com.nordvpn.android,0
f_scrolls_com.nordvpn.android,0
f_clicks_com.samsung.android.dialer,0
f_app_count_com.samsung.android.dialer,0
f_clicks_app_category_Knowledge,0
f_app_count_com.deutschebahn.app.android,0
f_clicks_com.microsoft.translator,0
f_app_time_com.extraetf.app,0
f_app_count_com.extraetf.app,0
f_scrolls_com.extraetf.app,0
f_clicks_com.extraetf.app,0
f_app_time_com.deutschebahn.app.android,0
f_clicks_com.deutschebahn.app.android,0
f_app_time_com.samsung.android.dialer,0
f_scrolls_com.deutschebahn.app.android,0
f_app_time_com.sec.android.app.clockpackage,0
f_app_count_com.sec.android.app.clockpackage,0
f_app_time_com.samsung.android.incallui,0
f_app_count_com.samsung.android.incallui,0
f_clicks_com.samsung.android.incallui,0
f_scrolls_com.miui.gallery,0
f_app_time_com.scee.psxandroid,0
f_app_count_com.scee.psxandroid,0
f_scrolls_com.mergegame.merge,0
f_scrolls_com.google.android.apps.messaging,0
f_scrolls_com.biglime.cookingmadness,0
f_app_time_com.biglime.cookingmadness,0
f_app_count_com.biglime.cookingmadness,0
f_app_time_io.randomco.travel,0
f_app_count_io.randomco.travel,0
f_app_category_count_Health,0
f_app_time_com.google.android.apps.messaging,0
f_clicks_app_category_Health,0
f_app_count_org.thoughtcrime.securesms,0
f_app_time_com.pinterest,0
f_app_count_com.pinterest,0
f_scrolls_com.pinterest,0
f_clicks_com.mergegame.merge,0
f_app_count_com.google.android.apps.messaging,0
f_clicks_com.biglime.cookingmadness,0
f_scrolls_com.google.android.apps.nexuslauncher,0
f_scrolls_app_category_Orientation,0
f_app_count_com.google.android.GoogleCamera,0
f_app_time_com.google.android.apps.podcasts,0
f_app_count_com.google.android.apps.podcasts,0
f_app_time_de.miele.infocontrol,0
f_app_count_de.miele.infocontrol,0
f_scrolls_de.miele.infocontrol,0
f_scrolls_com.google.android.apps.maps,0
f_app_category_count_Settings,0
f_app_category_time_Shopping,0
f_scrolls_app_category_Shopping,0
f_app_time_com.google.android.apps.fitness,0
f_app_count_com.google.android.apps.fitness,0
f_clicks_com.google.android.apps.fitness,0
f_scrolls_com.google.android.apps.fitness,0
f_app_count_com.mergegame.merge,0
f_clicks_com.instagram.android,0
f_scrolls_app_category_Gaming,0
f_clicks_com.android.vending,0
f_app_time_com.google.android.googlequicksearchbox,0
f_app_count_com.google.android.googlequicksearchbox,0
f_scrolls_com.google.android.googlequicksearchbox,0
f_clicks_com.google.android.googlequicksearchbox,0
f_app_time_com.android.vending,0
f_app_count_com.android.vending,0
f_app_time_de.traderepublic.app,0
f_scrolls_com.google.android.apps.docs,0
f_app_time_com.google.android.packageinstaller,0
f_app_count_com.google.android.packageinstaller,0
f_clicks_com.google.android.packageinstaller,0
f_scrolls_com.android.chrome,0
f_app_time_com.google.android.gm,0
f_app_count_com.google.android.gm,0
f_scrolls_android,0
f_scrolls_app_category_Tools,0
f_scrolls_de.traderepublic.app,0
f_scrolls_app_category_Settings,0
f_clicks_com.google.android.apps.nexuslauncher,0
f_scrolls_app_category_Finance,0
f_clicks_de.traderepublic.app,0
f_app_count_com.instagram.android,0
f_clicks_app_category_Finance,0
f_clicks_com.android.settings,0
f_clicks_com.coloros.alarmclock,0
f_clicks_app_category_Tools,0
f_app_count_de.traderepublic.app,0
f_clicks_app_category_News,0
f_scrolls_app_category_News,0
f_scrolls_com.android.mms,0
f_scrolls_app_category_Security,0
f_clicks_app_category_Security,0
f_app_time_com.google.android.GoogleCamera,0
f_scrolls_com.google.android.GoogleCamera,0
f_clicks_com.google.android.GoogleCamera,0
f_scrolls_app_category_Food,0
f_scrolls_com.google.android.apps.photos,0
f_app_category_time_Food,0
f_app_category_count_Food,0
f_app_time_de.apptiv.business.android.aldi_de,0
f_app_count_de.apptiv.business.android.aldi_de,0
f_clicks_app_category_Food,0
f_clicks_app_category_Shopping,0
f_app_time_com.google.android.apps.photos,0
f_scrolls_de.dm.meindm.android,0
f_app_time_de.rki.covpass.app,0
f_app_count_de.rki.covpass.app,0
f_clicks_de.rki.covpass.app,0
f_scrolls_de.rki.covpass.app,0
f_clicks_com.google.android.apps.messaging,0
f_clicks_com.google.android.apps.photos,0
f_clicks_com.google.android.gms,0
f_clicks_com.google.android.apps.maps,0
f_app_time_com.google.android.dialer,0
f_app_time_com.playstation.remoteplay,0
f_app_count_com.playstation.remoteplay,0
f_app_time_com.amazon.mShop.android.shopping,0
f_scrolls_com.amazon.mShop.android.shopping,0
f_clicks_com.amazon.mShop.android.shopping,0
f_scrolls_com.mi.android.globalminusscreen,0
f_app_count_com.google.android.dialer,0
f_clicks_com.google.android.permissioncontroller,0
f_clicks_com.google.android.dialer,0
f_scrolls_com.google.android.dialer,0
f_clicks_com.google.android.apps.docs,0
f_app_time_com.google.android.documentsui,0
f_app_count_com.google.android.documentsui,0
f_scrolls_com.google.android.documentsui,0
f_clicks_com.google.android.inputmethod.latin,0
f_app_time_android,0
f_app_count_android,0
f_clicks_com.google.android.captiveportallogin,0
f_app_count_com.flybirdgames.cookinghot,0
f_clicks_com.google.android.ext.services,0
f_app_time_com.facebook.katana,0
f_clicks_com.facebook.katana,0
f_app_time_com.google.android.captiveportallogin,0
f_app_count_com.google.android.captiveportallogin,0
f_app_count_com.google.android.apps.docs,0
f_app_category_time_Gaming,0
f_app_time_com.google.android.gms,0
f_app_count_com.google.android.gms,0
f_app_time_de.dm.meindm.android,0
f_app_count_de.dm.meindm.android,0
f_app_time_com.google.android.apps.maps,0
f_clicks_app_category_Orientation,0
f_app_time_com.flybirdgames.cookinghot,0
f_clicks_com.flybirdgames.cookinghot,0
f_scrolls_com.flybirdgames.cookinghot,0
f_scrolls_com.google.android.youtube,0
f_clicks_com.google.android.youtube,0
f_clicks_app_category_Visual_Entertainment,0
f_app_time_com.google.android.youtube,0
f_app_category_time_Visual_Entertainment,0
f_app_count_com.google.android.inputmethod.latin,0
f_app_time_com.google.android.inputmethod.latin,0
f_clicks_de.payback.client.android,0
f_app_count_de.payback.client.android,0
f_app_time_de.payback.client.android,0
f_clicks_de.hafas.android.db,0
f_clicks_app_category_Transportation,0
f_app_category_count_Transportation,0
f_app_category_count_Gaming,0
f_scrolls_in.sweatco.app,0
f_clicks_in.sweatco.app,0
f_app_time_in.sweatco.app,0
f_app_time_com.cjin.pokegenie.standard,0
f_app_count_com.fitbit.FitbitMobile,0
f_clicks_com.fitbit.FitbitMobile,0
f_scrolls_com.fitbit.FitbitMobile,0
f_clicks_com.audible.application,0
f_clicks_com.nianticlabs.pokemongo,0
f_clicks_com.cjin.pokegenie.standard,0
f_app_count_com.cjin.pokegenie.standard,0
f_scrolls_app_category_Career,0
f_scrolls_com.cjin.pokegenie.standard,0
f_app_time_com.audible.application,0
f_app_count_com.audible.application,0
f_clicks_app_category_Career,0
f_clicks_com.zhiliaoapp.musically,0
f_scrolls_com.zhiliaoapp.musically,0
f_app_time_com.fitbit.FitbitMobile,0
f_app_category_count_Career,0
f_app_count_com.sec.android.app.shealth,0
f_internet_connected_WIFI_wifiName,0
f_app_time_com.sonos.acr2,0
f_scrolls_com.sonos.acr2,0
f_scrolls_com.amazon.avod.thirdpartyclient,0
f_app_time_com.netflix.mediaclient,0
f_app_count_com.netflix.mediaclient,0
f_scrolls_app_category_Knowledge,0
f_app_time_com.ubercab,0
f_app_category_time_Career,0
f_app_count_com.ubercab,0
f_scrolls_com.google.android.apps.paidtasks,0
f_clicks_com.google.android.apps.paidtasks,0
f_app_time_com.starfinanz.mobile.android.dkbpushtan,0
f_app_count_com.starfinanz.mobile.android.dkbpushtan,0
f_scrolls_com.audible.application,0
f_app_time_com.sec.android.app.shealth,0
f_app_time_com.amazon.avod.thirdpartyclient,0
f_app_count_com.zhiliaoapp.musically,0
f_clicks_de.rossmann.app.android,0
f_app_count_fr.vinted,0
f_scrolls_fr.vinted,0
f_clicks_fr.vinted,0
f_app_time_com.adobe.reader,0
f_app_count_com.adobe.reader,0
f_scrolls_com.adobe.reader,0
f_scrolls_de.rossmann.app.android,0
f_app_time_com.nianticlabs.pokemongo,0
f_app_time_de.rossmann.app.android,0
f_app_count_de.rossmann.app.android,0
f_app_time_de.edeka.genuss,0
f_app_count_de.edeka.genuss,0
f_app_time_de.swm.mvgfahrinfo.muenchen,0
f_app_count_de.swm.mvgfahrinfo.muenchen,0
f_app_time_fr.vinted,0
f_scrolls_com.netflix.mediaclient,0
f_app_count_com.amazon.avod.thirdpartyclient,0
f_clicks_org.iggymedia.periodtracker,0
f_app_time_de.dkb.portalapp,0
f_app_count_de.dkb.portalapp,0
f_scrolls_de.dkb.portalapp,0
f_clicks_de.dkb.portalapp,0
f_app_time_org.iggymedia.periodtracker,0
f_app_count_org.iggymedia.periodtracker,0
f_scrolls_org.iggymedia.periodtracker,0
f_clicks_com.netflix.mediaclient,0
f_app_time_com.lolchess.tft,0
f_app_count_com.lolchess.tft,0
f_clicks_com.lolchess.tft,0
f_scrolls_com.lolchess.tft,0
f_clicks_com.reddit.frontpage,0
f_scrolls_com.reddit.frontpage,0
f_clicks_com.sonos.acr2,0
f_app_time_com.oppo.launcher,0
f_app_count_com.oppo.launcher,0
f_clicks_de.gmx.mobile.android.mail,0
f_app_time_com.huawei.search,0
f_scrolls_com.huawei.search,0
f_app_time_com.huawei.health,0
f_app_count_com.huawei.health,0
f_app_time_splits.splitstraining.dothesplits.splitsin30days,0
f_app_count_splits.splitstraining.dothesplits.splitsin30days,0
f_clicks_com.touchtype.swiftkey,0
f_clicks_com.android.email,0
f_clicks_com.joshy21.vera.free.calendarplus,0
f_scrolls_de.gmx.mobile.android.mail,0
f_clicks_com.android.gallery3d,0
f_app_time_com.huawei.HwMultiScreenShot,0
f_app_count_com.huawei.HwMultiScreenShot,0
f_clicks_com.huawei.HwMultiScreenShot,0
f_scrolls_com.android.email,0
f_clicks_com.huawei.android.totemweather,0
f_scrolls_com.pons.onlinedictionary,0
f_clicks_com.android.calculator2,0
f_app_count_com.huawei.hidisk,0
f_app_time_de.tk.tkapp,0
f_app_count_de.tk.tkapp,0
f_scrolls_com.huawei.android.totemweather,0
f_app_time_com.android.calculator2,0
f_app_count_com.android.calculator2,0
f_clicks_com.realbyteapps.moneymanagerfree,0
f_app_count_com.huawei.himovie.overseas,0
f_scrolls_com.realbyteapps.moneymanagerfree,0
f_app_time_com.realbyteapps.moneymanagerfree,0
f_app_count_com.realbyteapps.moneymanagerfree,0
f_app_time_de.campusjaeger.cordova,0
f_app_count_de.campusjaeger.cordova,0
f_app_time_com.huawei.himovie.overseas,0
f_app_time_de.gmx.mobile.android.mail,0
f_app_time_com.huawei.android.totemweather,0
f_app_count_com.huawei.android.totemweather,0
f_clicks_com.huawei.android.internal.app,0
f_clicks_com.example.android.notepad,0
f_scrolls_com.example.android.notepad,0
f_app_time_com.joshy21.vera.free.calendarplus,0
f_app_count_com.joshy21.vera.free.calendarplus,0
f_scrolls_com.joshy21.vera.free.calendarplus,0
f_scrolls_com.touchtype.swiftkey,0
f_app_count_com.huawei.android.internal.app,0
f_scrolls_com.android.gallery3d,0
f_scrolls_com.huawei.android.internal.app,0
f_app_time_com.huawei.camera,0
f_app_count_com.huawei.camera,0
f_app_time_com.pons.onlinedictionary,0
f_app_count_com.pons.onlinedictionary,0
f_clicks_com.pons.onlinedictionary,0
f_app_count_com.example.android.notepad,0
f_app_time_com.example.android.notepad,0
f_clicks_com.ecosia.android,0
f_scrolls_com.ecosia.android,0
f_app_count_com.ecosia.android,0
f_scrolls_com.google.android.gm,0
f_app_time_com.android.incallui,0
f_clicks_com.android.deskclock,0
f_scrolls_com.android.deskclock,0
f_scrolls_cn.wps.moffice_eng,0
f_app_count_cn.wps.moffice_eng,0
f_app_time_cn.wps.moffice_eng,0
f_clicks_cn.wps.moffice_eng,0
f_app_count_de.fiducia.smartphone.android.banking.vr,0
f_app_time_de.fiducia.smartphone.android.banking.vr,0
f_app_count_com.linkedin.android,0
f_app_time_com.linkedin.android,0
f_app_time_com.zhiliaoapp.musically,0
f_clicks_de.swm.mvgfahrinfo.muenchen,0
f_scrolls_com.microsoft.office.outlook,0
f_scrolls_com.sec.android.app.clockpackage,0
f_clicks_ch.publisheria.bring,0
f_scrolls_ch.publisheria.bring,0
f_clicks_com.samsung.android.app.smartcapture,0
f_app_time_com.sec.android.daemonapp,0
f_app_count_com.sec.android.daemonapp,0
f_scrolls_com.sec.android.daemonapp,0
f_app_time_com.ebay.mobile,0
f_scrolls_de.dhl.paket,0
f_app_count_com.ebay.mobile,0
f_scrolls_com.ebay.mobile,0
f_clicks_com.samsung.android.app.aodservice,0
f_scrolls_camera.seissiger.notify,0
f_app_time_de.dwd.warnapp,0
f_app_count_de.dwd.warnapp,0
f_app_count_ch.publisheria.bring,0
f_app_count_de.dhl.paket,0
f_app_time_de.wetteronline.wetterapp,0
f_app_count_com.samsung.android.app.contacts,0
f_scrolls_com.ebay.kleinanzeigen,0
f_app_time_com.paypal.android.p2pmobile,0
f_app_count_com.paypal.android.p2pmobile,0
f_clicks_com.paypal.android.p2pmobile,0
f_scrolls_com.paypal.android.p2pmobile,0
f_app_time_com.samsung.android.app.contacts,0
f_app_time_com.google.android.apps.walletnfcrel,0
f_clicks_com.sec.android.app.camera,0
f_app_count_com.google.android.apps.walletnfcrel,0
f_app_time_com.samsung.android.lool,0
f_app_count_com.samsung.android.lool,0
f_scrolls_com.samsung.android.lool,0
f_clicks_de.dhl.paket,0
f_app_time_com.sec.android.app.camera,0
f_scrolls_de.dwd.warnapp,0
f_app_count_de.wetteronline.wetterapp,0
f_scrolls_de.swm.mvgfahrinfo.muenchen,0
f_app_category_time_News,0
f_scrolls_com.valvesoftware.android.steam.community,0
f_app_count_com.sec.android.app.samsungapps,0
f_clicks_com.sec.android.app.samsungapps,0
f_scrolls_com.sec.android.app.samsungapps,0
f_app_time_com.samsung.android.forest,0
f_app_count_com.samsung.android.forest,0
f_app_category_count_News,0
f_clicks_app_category_Gaming,0
f_app_time_com.android.documentsui,0
f_app_count_com.android.documentsui,0
f_scrolls_com.android.documentsui,0
f_app_time_com.microsoft.office.outlook,0
f_app_count_com.microsoft.office.outlook,0
f_clicks_com.microsoft.office.outlook,0
f_clicks_com.valvesoftware.android.steam.community,0
f_app_count_com.valvesoftware.android.steam.community,0
f_clicks_de.wetteronline.wetterapp,0
f_clicks_camera.seissiger.notify,0
f_scrolls_app_category_Weather,0
f_scrolls_de.wetteronline.wetterapp,0
f_app_time_com.wssyncmldm,0
f_app_count_com.wssyncmldm,0
f_app_time_camera.seissiger.notify,0
f_app_count_camera.seissiger.notify,0
f_app_time_tv.twitch.android.app,0
f_app_time_com.valvesoftware.android.steam.community,0
f_app_count_tv.twitch.android.app,0
f_clicks_tv.twitch.android.app,0
f_scrolls_tv.twitch.android.app,0
f_app_count_com.snapchat.android,0
f_scrolls_com.snapchat.android,0
f_clicks_com.android.documentsui,0
f_clicks_com.ebay.kleinanzeigen,0
f_app_count_com.ebay.kleinanzeigen,0
f_app_time_com.ebay.kleinanzeigen,0
f_scrolls_com.lidl.eci.lidlplus,0
f_app_time_de.empfohlen,0
f_app_count_de.empfohlen,0
f_clicks_de.empfohlen,0
f_app_time_com.lidl.eci.lidlplus,0
f_app_count_com.lidl.eci.lidlplus,0
f_clicks_com.lidl.eci.lidlplus,0
f_app_time_de.mcdonalds.mcdonaldsinfoapp,0
f_app_time_com.funplus.coa,0
f_app_count_de.mcdonalds.mcdonaldsinfoapp,0
f_clicks_de.mcdonalds.mcdonaldsinfoapp,0
f_scrolls_de.mcdonalds.mcdonaldsinfoapp,0
f_app_time_com.shazam.android,0
f_app_count_com.shazam.android,0
f_clicks_com.shazam.android,0
f_app_count_com.funplus.coa,0
f_scrolls_io.gonative.android.pmqloj,0
f_clicks_com.sec.android.cover.ledcover,0
f_app_count_com.android.settings.intelligence,0
f_clicks_com.wssyncmldm,0
f_app_time_com.MelsoftGames.FamilyIslandFarm,0
f_app_count_com.MelsoftGames.FamilyIslandFarm,0
f_clicks_com.app.tgtg,0
f_clicks_com.android.settings.intelligence,0
f_app_time_com.android.settings.intelligence,0
f_scrolls_com.android.settings.intelligence,0
f_app_count_io.gonative.android.pmqloj,0
f_app_time_com.samsung.android.app.telephonyui,0
f_app_count_com.samsung.android.app.telephonyui,0
f_scrolls_com.google.android.permissioncontroller,0
f_app_time_de.sevenmind.android,0
f_app_count_de.sevenmind.android,0
f_app_time_io.gonative.android.pmqloj,0
f_scrolls_com.shazam.android,0
f_scrolls_com.sec.android.app.camera,0
f_clicks_com.sec.android.app.sbrowser,0
f_app_time_com.samsung.android.app.smartcapture,0
f_app_count_com.vizorapps.klondike,0
f_app_time_com.samsung.android.messaging,0
f_app_count_com.samsung.android.messaging,0
f_scrolls_com.samsung.android.messaging,0
f_app_time_com.disney.disneyplus,0
f_app_count_com.disney.disneyplus,0
f_app_count_com.samsung.android.app.smartcapture,0
f_scrolls_com.sec.android.app.sbrowser,0
f_app_time_com.samsung.android.app.notes,0
f_app_count_com.samsung.android.app.notes,0
f_scrolls_com.samsung.android.app.notes,0
f_app_time_com.sec.android.mimage.photoretouching,0
f_app_count_com.sec.android.mimage.photoretouching,0
f_clicks_com.sec.android.mimage.photoretouching,0
f_app_time_com.vizorapps.klondike,0
f_app_count_com.moonactive.coinmaster,0
f_app_time_com.moonactive.coinmaster,0
f_clicks_com.vizorapps.klondike,0
f_scrolls_org.telegram.messenger.web,0
f_app_count_org.telegram.messenger.web,0
f_app_time_org.telegram.messenger.web,0
f_clicks_org.telegram.messenger.web,0
f_scrolls_com.samsung.android.app.galaxyfinder,0
f_clicks_com.samsung.android.app.galaxyfinder,0
f_app_count_com.samsung.android.app.galaxyfinder,0
f_app_time_com.samsung.android.app.galaxyfinder,0
f_app_count_com.sec.android.app.sbrowser,0
f_app_time_com.sec.android.app.sbrowser,0
f_clicks_com.samsung.android.email.provider,0
f_app_count_com.samsung.android.email.provider,0
f_app_time_com.samsung.android.email.provider,0
f_app_category_time_other,0
