,feature,importance
0,f_general_use,0.245
1,f_clicks_com.miui.home,0.157
2,f_app_count_com.miui.home,0.111
3,f_app_count_com.huawei.android.launcher,0.096
4,f_clicks_app_category_Social_Media,0.077
5,f_hour_of_day_9.0,0.065
6,f_ringer_mode_normal,0.065
7,f_session_length,0.056
8,f_scrolls_app_category_Audio_Entertainment,0.051
9,f_clicks_com.whatsapp,0.05
10,f_count_session_3h,0.023
11,f_app_category_time_System,0.004
12,f_app_count_de.br.sep.news.br24,0.0
13,f_app_count_com.amazon.dee.app,0.0
14,f_app_time_com.amazon.dee.app,0.0
15,f_app_time_de.br.sep.news.br24,0.0
16,f_scrolls_com.flickr.android,0.0
17,f_demographics_age,0.0
18,f_app_time_com.brave.browser,0.0
19,f_clicks_com.android.calendar,0.0
20,f_app_count_com.google.android.apps.translate,0.0
21,f_app_count_com.brave.browser,0.0
22,f_scrolls_com.brave.browser,0.0
23,f_clicks_com.brave.browser,0.0
24,f_clicks_no.nrk.yr,0.0
25,f_scrolls_no.nrk.yr,0.0
26,f_app_time_no.nrk.yr,0.0
27,f_clicks_com.flickr.android,0.0
28,f_app_time_de.cellular.focus,0.0
29,f_app_time_com.google.android.apps.translate,0.0
30,f_clicks_com.pinterest,0.0
31,f_app_count_com.google.android.calendar,0.0
32,f_clicks_com.google.android.calendar,0.0
33,f_scrolls_com.google.android.calendar,0.0
34,f_app_time_org.mozilla.firefox,0.0
35,f_app_count_org.mozilla.firefox,0.0
36,f_clicks_org.mozilla.firefox,0.0
37,f_scrolls_org.mozilla.firefox,0.0
38,f_app_time_com.wetter.androidclient,0.0
39,f_scrolls_de.cellular.focus,0.0
40,f_app_count_com.wetter.androidclient,0.0
41,f_scrolls_com.wetter.androidclient,0.0
42,f_clicks_com.wetter.androidclient,0.0
43,f_clicks_com.chsoftware.regenvorschau,0.0
44,f_app_time_de.donaukurier.news,0.0
45,f_app_count_de.cellular.focus,0.0
46,f_clicks_de.cellular.focus,0.0
47,f_app_count_no.nrk.yr,0.0
48,f_app_time_instagramdownloader.instasaver.instasave,0.0
49,f_app_count_de.donaukurier.news,0.0
50,f_app_time_com.google.android.keep,0.0
51,f_clicks_com.google.android.apps.wellbeing,0.0
52,f_app_time_com.coloros.weather2,0.0
53,f_app_count_com.coloros.weather2,0.0
54,f_scrolls_com.coloros.weather2,0.0
55,f_app_time_com.google.android.contacts,0.0
56,f_app_count_com.google.android.contacts,0.0
57,f_clicks_com.google.android.contacts,0.0
58,f_scrolls_com.google.android.contacts,0.0
59,f_app_time_de.wetteronline.regenradar,0.0
60,f_app_count_de.wetteronline.regenradar,0.0
61,f_scrolls_de.wetteronline.regenradar,0.0
62,f_clicks_de.wetteronline.regenradar,0.0
63,f_scrolls_us.zoom.videomeetings,0.0
64,f_clicks_us.zoom.videomeetings,0.0
65,f_app_time_us.zoom.videomeetings,0.0
66,f_app_count_us.zoom.videomeetings,0.0
67,f_app_time_com.monlamit.germantbdic,0.0
68,f_app_count_com.google.android.keep,0.0
69,f_scrolls_com.google.android.apps.wellbeing,0.0
70,f_clicks_de.donaukurier.news,0.0
71,f_app_count_com.google.android.apps.wellbeing,0.0
72,f_scrolls_de.donaukurier.news,0.0
73,f_clicks_de.spiegel.android.app.spon,0.0
74,f_app_count_instagramdownloader.instasaver.instasave,0.0
75,f_scrolls_instagramdownloader.instasaver.instasave,0.0
76,f_app_time_fm.player,0.0
77,f_app_count_fm.player,0.0
78,f_app_time_com.opera.browser,0.0
79,f_app_count_com.opera.browser,0.0
80,f_clicks_com.opera.browser,0.0
81,f_scrolls_com.opera.browser,0.0
82,f_clicks_fm.player,0.0
83,f_scrolls_fm.player,0.0
84,f_scrolls_com.google.android.apps.translate,0.0
85,f_clicks_com.google.android.apps.translate,0.0
86,f_clicks_de.br.sep.news.br24,0.0
87,f_scrolls_de.br.sep.news.br24,0.0
88,f_app_time_com.google.android.apps.wellbeing,0.0
89,f_app_time_com.google.android.calendar,0.0
90,f_app_time_in.plackal.lovecyclesfree,0.0
91,f_scrolls_de.spiegel.android.app.spon,0.0
92,f_app_count_eu.faircode.email,0.0
93,f_app_count_com.opera.gx,0.0
94,f_clicks_com.opera.gx,0.0
95,f_scrolls_com.opera.gx,0.0
96,f_app_time_de.ingdiba.bankingapp,0.0
97,f_app_count_de.ingdiba.bankingapp,0.0
98,f_scrolls_de.ingdiba.bankingapp,0.0
99,f_clicks_de.ingdiba.bankingapp,0.0
100,f_app_time_com.google.android.deskclock,0.0
101,f_app_count_com.google.android.deskclock,0.0
102,f_scrolls_com.google.android.deskclock,0.0
103,f_clicks_com.google.android.deskclock,0.0
104,f_app_time_com.todoist,0.0
105,f_app_count_com.todoist,0.0
106,f_clicks_com.todoist,0.0
107,f_app_time_com.teamwood.spacewood.unity,0.0
108,f_app_count_com.teamwood.spacewood.unity,0.0
109,f_scrolls_com.todoist,0.0
110,f_app_time_com.opera.gx,0.0
111,f_scrolls_de.hafas.android.sbm,0.0
112,f_clicks_de.hafas.android.sbm,0.0
113,f_app_count_com.simplemobiletools.gallery,0.0
114,f_clicks_com.hellochinese,0.0
115,f_scrolls_com.hellochinese,0.0
116,f_app_time_com.duolingo,0.0
117,f_app_count_com.duolingo,0.0
118,f_clicks_com.duolingo,0.0
119,f_scrolls_com.duolingo,0.0
120,f_app_time_com.simplemobiletools.gallery,0.0
121,f_clicks_com.simplemobiletools.gallery,0.0
122,f_app_count_de.hafas.android.sbm,0.0
123,f_app_time_ch.threema.app,0.0
124,f_app_count_ch.threema.app,0.0
125,f_clicks_ch.threema.app,0.0
126,f_scrolls_ch.threema.app,0.0
127,f_app_time_com.microsoft.office.onenote,0.0
128,f_app_count_com.microsoft.office.onenote,0.0
129,f_app_time_de.hafas.android.sbm,0.0
130,f_app_time_eu.faircode.email,0.0
131,f_clicks_eu.faircode.email,0.0
132,f_app_count_de.spiegel.android.app.spon,0.0
133,f_clicks_com.sonymobile.launcher,0.0
134,f_clicks_de.bfv.android,0.0
135,f_app_time_de.bfv.android,0.0
136,f_app_count_de.bfv.android,0.0
137,f_scrolls_de.bfv.android,0.0
138,f_app_time_org.spielerplus.web,0.0
139,f_app_count_org.spielerplus.web,0.0
140,f_clicks_org.spielerplus.web,0.0
141,f_scrolls_org.spielerplus.web,0.0
142,f_app_time_com.spond.spond,0.0
143,f_app_count_com.spond.spond,0.0
144,f_scrolls_com.spond.spond,0.0
145,f_app_time_info.woodsmall.calculator,0.0
146,f_app_count_info.woodsmall.calculator,0.0
147,f_clicks_info.woodsmall.calculator,0.0
148,f_scrolls_com.monlamit.germantbdic,0.0
149,f_app_count_in.plackal.lovecyclesfree,0.0
150,f_app_time_de.spiegel.android.app.spon,0.0
151,f_clicks_com.spond.spond,0.0
152,f_app_count_de.itech_gmbh.meinlaborergebnis,0.0
153,f_app_time_de.itech_gmbh.meinlaborergebnis,0.0
154,f_app_time_com.atomicadd.fotos,0.0
155,f_app_time_com.sonymobile.launcher,0.0
156,f_app_count_com.sonymobile.launcher,0.0
157,f_scrolls_com.sonymobile.launcher,0.0
158,f_scrolls_eu.faircode.email,0.0
159,f_app_time_com.android.phone,0.0
160,f_app_count_com.android.phone,0.0
161,f_scrolls_com.android.captiveportallogin,0.0
162,f_app_count_com.atomicadd.fotos,0.0
163,f_scrolls_de.itech_gmbh.meinlaborergebnis,0.0
164,f_clicks_com.atomicadd.fotos,0.0
165,f_scrolls_com.atomicadd.fotos,0.0
166,f_app_category_time_Reading,0.0
167,f_app_category_count_Reading,0.0
168,f_clicks_app_category_Reading,0.0
169,f_scrolls_app_category_Reading,0.0
170,f_clicks_de.itech_gmbh.meinlaborergebnis,0.0
171,f_app_count_com.monlamit.germantbdic,0.0
172,f_app_time_com.google.android.apps.docs.editors.docs,0.0
173,f_clicks_com.monlamit.germantbdic,0.0
174,f_scrolls_de.gmx.mobile.android.mail,0.0
175,f_app_time_com.huawei.himovie.overseas,0.0
176,f_app_count_com.huawei.himovie.overseas,0.0
177,f_clicks_com.huawei.android.totemweather,0.0
178,f_app_time_com.android.email,0.0
179,f_app_count_com.android.email,0.0
180,f_clicks_com.android.email,0.0
181,f_scrolls_com.android.email,0.0
182,f_app_time_com.huawei.search,0.0
183,f_app_count_com.huawei.search,0.0
184,f_scrolls_com.huawei.search,0.0
185,f_app_time_com.huawei.health,0.0
186,f_app_count_com.huawei.health,0.0
187,f_app_time_splits.splitstraining.dothesplits.splitsin30days,0.0
188,f_app_count_splits.splitstraining.dothesplits.splitsin30days,0.0
189,f_clicks_com.amazon.avod.thirdpartyclient,0.0
190,f_clicks_de.gmx.mobile.android.mail,0.0
191,f_clicks_com.touchtype.swiftkey,0.0
192,f_app_count_de.campusjaeger.cordova,0.0
193,f_app_time_de.campusjaeger.cordova,0.0
194,f_app_count_com.realbyteapps.moneymanagerfree,0.0
195,f_app_count_com.huawei.hidisk,0.0
196,f_app_time_com.android.calendar,0.0
197,f_app_count_com.android.calendar,0.0
198,f_scrolls_com.android.calendar,0.0
199,f_app_time_com.huawei.systemmanager,0.0
200,f_app_count_com.huawei.systemmanager,0.0
201,f_clicks_com.android.keyguard,0.0
202,f_app_time_com.huawei.hidisk,0.0
203,f_app_time_de.tk.tkapp,0.0
204,f_app_time_com.realbyteapps.moneymanagerfree,0.0
205,f_app_count_de.tk.tkapp,0.0
206,f_scrolls_com.huawei.android.totemweather,0.0
207,f_app_time_com.android.calculator2,0.0
208,f_app_count_com.android.calculator2,0.0
209,f_clicks_com.android.calculator2,0.0
210,f_clicks_com.realbyteapps.moneymanagerfree,0.0
211,f_scrolls_com.realbyteapps.moneymanagerfree,0.0
212,f_clicks_com.joshy21.vera.free.calendarplus,0.0
213,f_clicks_com.android.gallery3d,0.0
214,f_app_time_org.leo.android.dict,0.0
215,f_app_time_com.huawei.HwMultiScreenShot,0.0
216,f_app_count_com.android.incallui,0.0
217,f_app_time_com.ecosia.android,0.0
218,f_app_count_com.ecosia.android,0.0
219,f_scrolls_com.ecosia.android,0.0
220,f_clicks_com.ecosia.android,0.0
221,f_app_time_com.example.android.notepad,0.0
222,f_app_count_com.example.android.notepad,0.0
223,f_clicks_com.example.android.notepad,0.0
224,f_scrolls_com.example.android.notepad,0.0
225,f_app_time_com.joshy21.vera.free.calendarplus,0.0
226,f_app_count_com.joshy21.vera.free.calendarplus,0.0
227,f_scrolls_com.joshy21.vera.free.calendarplus,0.0
228,f_scrolls_com.touchtype.swiftkey,0.0
229,f_clicks_com.huawei.android.internal.app,0.0
230,f_app_time_com.huawei.android.internal.app,0.0
231,f_app_count_com.huawei.android.internal.app,0.0
232,f_scrolls_com.huawei.android.internal.app,0.0
233,f_app_time_com.android.incallui,0.0
234,f_clicks_com.android.deskclock,0.0
235,f_scrolls_com.android.deskclock,0.0
236,f_app_time_com.android.gallery3d,0.0
237,f_app_count_com.huawei.HwMultiScreenShot,0.0
238,f_clicks_com.huawei.HwMultiScreenShot,0.0
239,f_app_time_de.gmx.mobile.android.mail,0.0
240,f_app_count_de.gmx.mobile.android.mail,0.0
241,f_app_time_com.huawei.android.totemweather,0.0
242,f_app_count_com.huawei.android.totemweather,0.0
243,f_scrolls_com.android.gallery3d,0.0
244,f_app_count_com.android.gallery3d,0.0
245,f_scrolls_cn.wps.moffice_eng,0.0
246,f_app_time_com.linkedin.android,0.0
247,f_app_count_com.linkedin.android,0.0
248,f_app_time_de.fiducia.smartphone.android.banking.vr,0.0
249,f_app_count_de.fiducia.smartphone.android.banking.vr,0.0
250,f_clicks_cn.wps.moffice_eng,0.0
251,f_app_time_cn.wps.moffice_eng,0.0
252,f_app_count_cn.wps.moffice_eng,0.0
253,f_scrolls_com.bumble.app,0.0
254,f_scrolls_app_category_Dating,0.0
255,f_app_count_com.bumble.app,0.0
256,f_app_time_com.bumble.app,0.0
257,f_clicks_com.huawei.hidisk,0.0
258,f_scrolls_com.huawei.hidisk,0.0
259,f_app_time_de.christian_steinert.tibetandict,0.0
260,f_app_count_de.christian_steinert.tibetandict,0.0
261,f_scrolls_de.christian_steinert.tibetandict,0.0
262,f_clicks_de.christian_steinert.tibetandict,0.0
263,f_app_time_org.lobsangmonlam.dictionary,0.0
264,f_app_count_org.lobsangmonlam.dictionary,0.0
265,f_clicks_org.lobsangmonlam.dictionary,0.0
266,f_scrolls_org.lobsangmonlam.dictionary,0.0
267,f_app_time_com.urbandroid.sleep,0.0
268,f_app_count_com.urbandroid.sleep,0.0
269,f_clicks_com.urbandroid.sleep,0.0
270,f_scrolls_com.urbandroid.sleep,0.0
271,f_app_time_de.spardab.banking.privat,0.0
272,f_app_count_de.spardab.banking.privat,0.0
273,f_app_time_com.einsundeinstv.player,0.0
274,f_scrolls_com.huawei.intelligent,0.0
275,f_clicks_com.huawei.intelligent,0.0
276,f_app_count_com.huawei.intelligent,0.0
277,f_app_count_com.monlamit.dictionary,0.0
278,f_app_count_org.leo.android.dict,0.0
279,f_scrolls_org.leo.android.dict,0.0
280,f_clicks_org.leo.android.dict,0.0
281,f_app_time_com.hellochinese,0.0
282,f_app_count_com.google.android.apps.docs.editors.docs,0.0
283,f_scrolls_com.google.android.apps.docs.editors.docs,0.0
284,f_app_time_com.monlamit.dictionary,0.0
285,f_app_time_com.zdf.android.mediathek,0.0
286,f_app_time_com.huawei.intelligent,0.0
287,f_app_count_com.zdf.android.mediathek,0.0
288,f_scrolls_com.zdf.android.mediathek,0.0
289,f_clicks_com.zdf.android.mediathek,0.0
290,f_app_time_de.swr.avp.ard,0.0
291,f_app_count_de.swr.avp.ard,0.0
292,f_clicks_de.swr.avp.ard,0.0
293,f_scrolls_de.swr.avp.ard,0.0
294,f_app_count_com.einsundeinstv.player,0.0
295,f_scrolls_com.einsundeinstv.player,0.0
296,f_clicks_com.einsundeinstv.player,0.0
297,f_scrolls_com.tribab.tricount.android,0.0
298,f_clicks_com.android.soundrecorder,0.0
299,f_scrolls_com.android.soundrecorder,0.0
300,f_app_time_com.unicredit,0.0
301,f_app_count_com.unicredit,0.0
302,f_clicks_com.unicredit,0.0
303,f_app_time_com.tribab.tricount.android,0.0
304,f_app_count_com.tribab.tricount.android,0.0
305,f_app_time_com.tinder,0.0
306,f_app_time_com.android.soundrecorder,0.0
307,f_app_count_com.tinder,0.0
308,f_clicks_com.tinder,0.0
309,f_scrolls_com.tinder,0.0
310,f_clicks_app_category_Dating,0.0
311,f_clicks_com.bumble.app,0.0
312,f_app_category_time_Dating,0.0
313,f_app_category_count_Dating,0.0
314,f_app_count_com.android.soundrecorder,0.0
315,f_app_count_com.ubercab.eats,0.0
316,f_internet_connected_WIFI_<unknown ssid>,0.0
317,f_app_time_com.facebook.orca,0.0
318,f_app_time_com.huawei.hisuite,0.0
319,f_app_count_com.huawei.hisuite,0.0
320,f_clicks_com.huawei.systemmanager,0.0
321,f_scrolls_com.huawei.systemmanager,0.0
322,f_app_time_com.google.ar.lens,0.0
323,f_app_count_com.google.ar.lens,0.0
324,f_scrolls_com.facebook.orca,0.0
325,f_app_count_com.facebook.orca,0.0
326,f_app_time_com.ubercab.eats,0.0
327,f_app_time_com.android.captiveportallogin,0.0
328,f_app_count_com.android.captiveportallogin,0.0
329,f_clicks_com.android.captiveportallogin,0.0
330,f_app_time_com.android.server.telecom,0.0
331,f_app_count_com.android.server.telecom,0.0
332,f_scrolls_com.ubercab.eats,0.0
333,f_clicks_com.ubercab.eats,0.0
334,f_app_count_com.hellochinese,0.0
335,f_scrolls_de.eue.mobile.android.mail,0.0
336,f_clicks_com.evernote,0.0
337,f_clicks_net.oneplus.launcher,0.0
338,f_app_count_com.saggitt.omega,0.0
339,f_clicks_com.baviux.pillreminder,0.0
340,f_app_time_com.mapmyrun.android2,0.0
341,f_app_count_com.mapmyrun.android2,0.0
342,f_app_time_com.baviux.pillreminder,0.0
343,f_app_count_com.baviux.pillreminder,0.0
344,f_scrolls_com.mapmyrun.android2,0.0
345,f_clicks_com.mapmyrun.android2,0.0
346,f_app_time_com.google.android.apps.books,0.0
347,f_app_count_com.google.android.apps.books,0.0
348,f_app_time_com.oneplus.gallery,0.0
349,f_app_count_com.oneplus.gallery,0.0
350,f_app_time_com.oneplus.camera,0.0
351,f_app_count_com.oneplus.camera,0.0
352,f_clicks_com.oneplus.camera,0.0
353,f_clicks_com.google.android.keep,0.0
354,f_scrolls_com.google.android.keep,0.0
355,f_app_time_com.saggitt.omega,0.0
356,f_scrolls_com.saggitt.omega,0.0
357,f_scrolls_com.samsung.android.app.cocktailbarservice,0.0
358,f_clicks_ch.protonmail.android,0.0
359,f_scrolls_de.program_co.benclockradioplusplus,0.0
360,f_clicks_de.program_co.benclockradioplusplus,0.0
361,f_app_time_widget.dd.com.overdrop.free,0.0
362,f_app_count_widget.dd.com.overdrop.free,0.0
363,f_scrolls_widget.dd.com.overdrop.free,0.0
364,f_app_time_ch.protonmail.android,0.0
365,f_app_count_ch.protonmail.android,0.0
366,f_scrolls_ch.protonmail.android,0.0
367,f_clicks_com.saggitt.omega,0.0
368,f_clicks_com.samsung.android.app.cocktailbarservice,0.0
369,f_app_time_de.program_co.benclockradioplusplus,0.0
370,f_app_count_de.program_co.benclockradioplusplus,0.0
371,f_scrolls_journal.gratitude.com.gratitudejournal,0.0
372,f_app_time_journal.gratitude.com.gratitudejournal,0.0
373,f_app_count_journal.gratitude.com.gratitudejournal,0.0
374,f_clicks_journal.gratitude.com.gratitudejournal,0.0
375,f_scrolls_net.oneplus.launcher,0.0
376,f_app_time_net.oneplus.launcher,0.0
377,f_scrolls_com.evernote,0.0
378,f_app_count_net.oneplus.launcher,0.0
379,f_app_time_com.miui.weather2,0.0
380,f_app_count_com.miui.weather2,0.0
381,f_scrolls_com.miui.weather2,0.0
382,f_app_time_com.bigduckgames.flowhexes,0.0
383,f_app_count_com.bigduckgames.flowhexes,0.0
384,f_app_time_com.example.shredder,0.0
385,f_app_count_com.example.shredder,0.0
386,f_app_time_com.tennistv.cdtv,0.0
387,f_app_count_com.tennistv.cdtv,0.0
388,f_app_time_com.atptour.atptour,0.0
389,f_app_count_com.atptour.atptour,0.0
390,f_clicks_com.atptour.atptour,0.0
391,f_scrolls_com.atptour.atptour,0.0
392,f_app_time_com.wtatour.wtascores,0.0
393,f_app_count_com.wtatour.wtascores,0.0
394,f_internet_connected_WIFI_tun1,0.0
395,f_app_time_con.hotspot.vpn.free.master,0.0
396,f_scrolls_com.miui.cleanmaster,0.0
397,f_clicks_com.miui.cleanmaster,0.0
398,f_app_count_com.miui.cleanmaster,0.0
399,f_app_time_com.popularapp.periodcalendar,0.0
400,f_app_time_com.runtastic.android,0.0
401,f_app_count_com.runtastic.android,0.0
402,f_clicks_com.runtastic.android,0.0
403,f_scrolls_com.runtastic.android,0.0
404,f_clicks_com.miui.weather2,0.0
405,f_app_time_com.db.pwcc.dbmobile,0.0
406,f_app_count_com.db.pwcc.dbmobile,0.0
407,f_app_count_com.popularapp.periodcalendar,0.0
408,f_app_time_com.miui.cleanmaster,0.0
409,f_scrolls_us.personals,0.0
410,f_clicks_com.wtatour.wtascores,0.0
411,f_scrolls_com.wtatour.wtascores,0.0
412,f_app_time_us.personals,0.0
413,f_app_count_us.personals,0.0
414,f_app_time_com.amazon.kindle,0.0
415,f_app_count_com.amazon.kindle,0.0
416,f_scrolls_com.app.tgtg,0.0
417,f_app_count_com.app.tgtg,0.0
418,f_app_time_com.app.tgtg,0.0
419,f_scrolls_com.qwant.liberty,0.0
420,f_hour_of_day_17.0,0.0
421,f_hour_of_day_16.0,0.0
422,f_hour_of_day_15.0,0.0
423,f_hour_of_day_14.0,0.0
424,f_hour_of_day_13.0,0.0
425,f_hour_of_day_12.0,0.0
426,f_hour_of_day_11.0,0.0
427,f_hour_of_day_10.0,0.0
428,f_hour_of_day_8.0,0.0
429,f_hour_of_day_7.0,0.0
430,f_hour_of_day_6.0,0.0
431,f_hour_of_day_5.0,0.0
432,f_hour_of_day_4.0,0.0
433,f_hour_of_day_3.0,0.0
434,f_hour_of_day_2.0,0.0
435,f_hour_of_day_1.0,0.0
436,f_hour_of_day_0.0,0.0
437,f_hour_of_day_18.0,0.0
438,f_hour_of_day_19.0,0.0
439,f_hour_of_day_20.0,0.0
440,f_weekday_5.0,0.0
441,f_app_category_count_other,0.0
442,f_app_time_other,0.0
443,f_app_count_other,0.0
444,f_clicks_other,0.0
445,f_scrolls_other,0.0
446,f_weekday_nan,0.0
447,f_weekday_6.0,0.0
448,f_weekday_4.0,0.0
449,f_hour_of_day_21.0,0.0
450,f_weekday_3.0,0.0
451,f_weekday_2.0,0.0
452,f_weekday_1.0,0.0
453,f_weekday_0.0,0.0
454,f_hour_of_day_nan,0.0
455,f_hour_of_day_23.0,0.0
456,f_hour_of_day_22.0,0.0
457,f_demographics_gender_2.0,0.0
458,f_demographics_gender_1.0,0.0
459,f_demographics_gender_0.0,0.0
460,f_scrolls_com.rhmsoft.pulsar,0.0
461,f_clicks_com.tellm.android.app,0.0
462,f_scrolls_com.tellm.android.app,0.0
463,f_app_time_org.blokada.origin.alarm,0.0
464,f_app_count_org.blokada.origin.alarm,0.0
465,f_app_time_com.rhmsoft.pulsar,0.0
466,f_app_count_com.rhmsoft.pulsar,0.0
467,f_clicks_com.rhmsoft.pulsar,0.0
468,f_clicks_com.samsung.android.app.telephonyui,0.0
469,f_app_time_com.tellm.android.app,0.0
470,f_app_time_com.revolut.revolut,0.0
471,f_app_count_com.revolut.revolut,0.0
472,f_scrolls_com.revolut.revolut,0.0
473,f_clicks_com.revolut.revolut,0.0
474,f_app_time_com.qwant.liberty,0.0
475,f_app_count_com.qwant.liberty,0.0
476,f_clicks_com.qwant.liberty,0.0
477,f_app_count_com.tellm.android.app,0.0
478,f_scrolls_de.miamed.amboss.knowledge,0.0
479,f_app_time_mbanking.NBG,0.0
480,f_app_count_de.bayern.lgl.apollo,0.0
481,f_app_count_mbanking.NBG,0.0
482,f_app_time_com.adobe.lrmobile,0.0
483,f_app_count_com.adobe.lrmobile,0.0
484,f_app_time_easy.sudoku.puzzle.solver.free,0.0
485,f_app_count_easy.sudoku.puzzle.solver.free,0.0
486,f_clicks_easy.sudoku.puzzle.solver.free,0.0
487,f_app_time_de.bayern.lgl.apollo,0.0
488,f_scrolls_de.bayern.lgl.apollo,0.0
489,f_clicks_de.miamed.amboss.knowledge,0.0
490,f_clicks_de.bayern.lgl.apollo,0.0
491,f_app_time_eu.smartpatient.mytherapy,0.0
492,f_app_count_eu.smartpatient.mytherapy,0.0
493,f_clicks_eu.smartpatient.mytherapy,0.0
494,f_scrolls_eu.smartpatient.mytherapy,0.0
495,f_app_time_de.miamed.amboss.knowledge,0.0
496,f_app_count_de.miamed.amboss.knowledge,0.0
497,f_app_count_con.hotspot.vpn.free.master,0.0
498,f_scrolls_con.hotspot.vpn.free.master,0.0
499,f_clicks_con.hotspot.vpn.free.master,0.0
500,f_app_time_com.lge.wifisettings,0.0
501,f_app_time_com.lge.email,0.0
502,f_app_count_com.lge.email,0.0
503,f_scrolls_com.lge.email,0.0
504,f_clicks_com.lge.email,0.0
505,f_app_time_org.mozilla.klar,0.0
506,f_app_count_org.mozilla.klar,0.0
507,f_clicks_org.mozilla.klar,0.0
508,f_scrolls_org.mozilla.klar,0.0
509,f_clicks_com.lge.launcher3,0.0
510,f_app_time_com.lge.launcher3,0.0
511,f_app_count_com.lge.launcher3,0.0
512,f_scrolls_com.lge.launcher3,0.0
513,f_app_time_org.thunderdog.challegram,0.0
514,f_app_count_org.thunderdog.challegram,0.0
515,f_scrolls_org.thunderdog.challegram,0.0
516,f_app_time_com.lge.camera,0.0
517,f_app_count_com.lge.camera,0.0
518,f_app_count_se.maginteractive.quizduel2,0.0
519,f_app_time_se.maginteractive.quizduel2,0.0
520,f_clicks_se.maginteractive.quizduel2,0.0
521,f_app_time_org.lichess.mobileapp,0.0
522,f_scrolls_com.lge.wifisettings,0.0
523,f_app_time_com.lge.clock,0.0
524,f_app_count_com.lge.clock,0.0
525,f_clicks_com.lge.clock,0.0
526,f_scrolls_com.lge.clock,0.0
527,f_clicks_com.google.android.calculator,0.0
528,f_scrolls_com.google.android.calculator,0.0
529,f_app_count_org.lichess.mobileapp,0.0
530,f_app_count_com.x8bit.bitwarden,0.0
531,f_app_time_com.lge.bluetoothsetting,0.0
532,f_app_count_com.lge.bluetoothsetting,0.0
533,f_clicks_com.lge.bluetoothsetting,0.0
534,f_scrolls_com.lge.bluetoothsetting,0.0
535,f_app_time_com.google.android.calculator,0.0
536,f_app_count_com.google.android.calculator,0.0
537,f_app_time_com.x8bit.bitwarden,0.0
538,f_clicks_com.lge.camera,0.0
539,f_scrolls_com.lge.camera,0.0
540,f_clicks_org.thunderdog.challegram,0.0
541,f_app_count_com.tumblr,0.0
542,f_app_time_de.eplus.mappecc.client.android.alditalk,0.0
543,f_app_count_de.eplus.mappecc.client.android.alditalk,0.0
544,f_clicks_com.facebook.orca,0.0
545,f_clicks_com.samsung.desktopsystemui,0.0
546,f_clicks_com.sec.android.app.shealth,0.0
547,f_scrolls_com.sec.android.app.shealth,0.0
548,f_app_time_com.tumblr,0.0
549,f_clicks_com.tumblr,0.0
550,f_scrolls_at.pandocs,0.0
551,f_scrolls_com.tumblr,0.0
552,f_app_time_de.eue.mobile.android.mail,0.0
553,f_app_count_de.eue.mobile.android.mail,0.0
554,f_app_count_com.huawei.camera,0.0
555,f_clicks_de.eue.mobile.android.mail,0.0
556,f_app_time_com.evernote,0.0
557,f_app_count_com.evernote,0.0
558,f_clicks_com.google.android.apps.magazines,0.0
559,f_clicks_at.pandocs,0.0
560,f_scrolls_ginlemon.flowerfree,0.0
561,f_app_count_com.easybrain.block.puzzle.games,0.0
562,f_app_time_ginlemon.flowerfree,0.0
563,f_app_count_ginlemon.flowerfree,0.0
564,f_clicks_ginlemon.flowerfree,0.0
565,f_clicks_com.huawei.search,0.0
566,f_app_time_de.cellular.ottohybrid,0.0
567,f_app_count_de.cellular.ottohybrid,0.0
568,f_app_time_com.easybrain.block.puzzle.games,0.0
569,f_app_time_com.starfinanz.mobile.android.pushtan,0.0
570,f_app_count_at.pandocs,0.0
571,f_app_count_com.starfinanz.mobile.android.pushtan,0.0
572,f_app_time_com.starfinanz.smob.android.sfinanzstatus,0.0
573,f_app_count_com.starfinanz.smob.android.sfinanzstatus,0.0
574,f_app_time_pl.idreams.Dino,0.0
575,f_app_count_pl.idreams.Dino,0.0
576,f_clicks_pl.idreams.Dino,0.0
577,f_app_time_at.pandocs,0.0
578,f_app_count_com.lge.wifisettings,0.0
579,f_scrolls_com.vanced.android.youtube,0.0
580,f_scrolls_com.symcoding.widget.stickynotes,0.0
581,f_clicks_com.vanced.android.youtube,0.0
582,f_app_count_de.hafas.android.vbn,0.0
583,f_clicks_de.hafas.android.vbn,0.0
584,f_app_time_de.hafas.android.vos,0.0
585,f_app_count_de.hafas.android.vos,0.0
586,f_scrolls_de.hafas.android.vos,0.0
587,f_clicks_de.hafas.android.vos,0.0
588,f_app_time_com.lge.lifetracker,0.0
589,f_app_count_com.lge.lifetracker,0.0
590,f_scrolls_com.lge.lifetracker,0.0
591,f_app_time_com.goodreads,0.0
592,f_app_count_com.goodreads,0.0
593,f_scrolls_com.goodreads,0.0
594,f_clicks_com.patreon.android,0.0
595,f_app_time_com.patreon.android,0.0
596,f_app_count_com.patreon.android,0.0
597,f_app_time_br.mediathek,0.0
598,f_app_count_br.mediathek,0.0
599,f_app_time_de.hafas.android.vbn,0.0
600,f_scrolls_de.hafas.android.vbn,0.0
601,f_clicks_com.goodreads,0.0
602,f_scrolls_com.android.thememanager,0.0
603,f_app_time_com.Slack,0.0
604,f_app_count_com.Slack,0.0
605,f_clicks_com.Slack,0.0
606,f_scrolls_com.Slack,0.0
607,f_app_time_com.android.thememanager,0.0
608,f_app_count_com.android.thememanager,0.0
609,f_clicks_com.android.thememanager,0.0
610,f_clicks_com.xiaomi.calendar,0.0
611,f_scrolls_com.facemoji.lite.xiaomi,0.0
612,f_clicks_com.facemoji.lite.xiaomi,0.0
613,f_clicks_com.mi.globalbrowser,0.0
614,f_scrolls_com.mi.globalbrowser,0.0
615,f_app_time_com.yahoo.mobile.client.android.mail,0.0
616,f_app_count_com.yahoo.mobile.client.android.mail,0.0
617,f_clicks_com.yahoo.mobile.client.android.mail,0.0
618,f_scrolls_com.yahoo.mobile.client.android.mail,0.0
619,f_clicks_br.mediathek,0.0
620,f_scrolls_br.mediathek,0.0
621,f_clicks_de.tagesschau,0.0
622,f_app_count_com.timehop,0.0
623,f_app_count_com.easybrain.nonogram.color,0.0
624,f_clicks_com.easybrain.nonogram.color,0.0
625,f_clicks_tesmath.calcy,0.0
626,f_scrolls_tesmath.calcy,0.0
627,f_app_time_tesmath.calcy,0.0
628,f_app_count_tesmath.calcy,0.0
629,f_app_time_com.timehop,0.0
630,f_scrolls_com.timehop,0.0
631,f_clicks_com.lge.sizechangable.weather,0.0
632,f_scrolls_com.bookbeat.android,0.0
633,f_clicks_com.bookbeat.android,0.0
634,f_app_time_com.bookbeat.android,0.0
635,f_app_count_com.bookbeat.android,0.0
636,f_app_time_com.vanced.android.youtube,0.0
637,f_app_count_com.vanced.android.youtube,0.0
638,f_clicks_com.lge.wifisettings,0.0
639,f_app_time_com.easybrain.nonogram.color,0.0
640,f_scrolls_com.google.android.talk,0.0
641,f_app_time_com.google.android.apps.paidtasks,0.0
642,f_clicks_net.daylio,0.0
643,f_app_count_com.google.android.apps.paidtasks,0.0
644,f_clicks_com.pixel.art.coloring.color.number,0.0
645,f_app_time_com.pixel.art.coloring.color.number,0.0
646,f_app_count_com.pixel.art.coloring.color.number,0.0
647,f_app_time_net.daylio,0.0
648,f_app_count_net.daylio,0.0
649,f_scrolls_net.daylio,0.0
650,f_app_time_de.tagesschau,0.0
651,f_clicks_com.google.android.talk,0.0
652,f_app_count_de.tagesschau,0.0
653,f_scrolls_de.tagesschau,0.0
654,f_app_time_com.pg.oralb.oralbapp,0.0
655,f_app_count_com.pg.oralb.oralbapp,0.0
656,f_clicks_com.pg.oralb.oralbapp,0.0
657,f_app_time_com.google.android.talk,0.0
658,f_app_count_com.google.android.talk,0.0
659,f_app_time_com.huawei.camera,0.0
660,f_clicks_com.huawei.android.launcher,0.0
661,f_clicks_com.huawei.camera,0.0
662,f_app_count_android,0.0
663,f_scrolls_com.google.android.apps.photos,0.0
664,f_app_category_time_Food,0.0
665,f_app_category_count_Food,0.0
666,f_app_time_de.apptiv.business.android.aldi_de,0.0
667,f_app_count_de.apptiv.business.android.aldi_de,0.0
668,f_clicks_app_category_Food,0.0
669,f_scrolls_app_category_Food,0.0
670,f_clicks_app_category_Shopping,0.0
671,f_scrolls_de.dm.meindm.android,0.0
672,f_app_time_de.rki.covpass.app,0.0
673,f_app_count_de.rki.covpass.app,0.0
674,f_clicks_de.rki.covpass.app,0.0
675,f_scrolls_de.rki.covpass.app,0.0
676,f_clicks_com.google.android.apps.messaging,0.0
677,f_clicks_com.google.android.inputmethod.latin,0.0
678,f_app_time_com.android.systemui,0.0
679,f_app_count_com.android.systemui,0.0
680,f_clicks_com.google.android.apps.photos,0.0
681,f_app_count_com.google.android.apps.photos,0.0
682,f_app_time_com.google.android.apps.photos,0.0
683,f_app_time_com.google.android.dialer,0.0
684,f_app_time_com.amazon.mShop.android.shopping,0.0
685,f_app_count_com.amazon.mShop.android.shopping,0.0
686,f_scrolls_com.amazon.mShop.android.shopping,0.0
687,f_clicks_com.amazon.mShop.android.shopping,0.0
688,f_scrolls_com.miui.home,0.0
689,f_scrolls_com.mi.android.globalminusscreen,0.0
690,f_app_time_com.miui.home,0.0
691,f_app_count_com.google.android.dialer,0.0
692,f_clicks_com.google.android.gms,0.0
693,f_clicks_com.google.android.dialer,0.0
694,f_scrolls_com.google.android.dialer,0.0
695,f_clicks_com.google.android.apps.docs,0.0
696,f_app_time_com.google.android.documentsui,0.0
697,f_app_count_com.google.android.documentsui,0.0
698,f_scrolls_com.google.android.documentsui,0.0
699,f_clicks_com.google.android.permissioncontroller,0.0
700,f_app_time_android,0.0
701,f_scrolls_com.google.android.inputmethod.latin,0.0
702,f_app_time_com.pons.onlinedictionary,0.0
703,f_app_category_time_Gaming,0.0
704,f_clicks_com.google.android.youtube,0.0
705,f_scrolls_app_category_Visual_Entertainment,0.0
706,f_scrolls_com.google.android.youtube,0.0
707,f_scrolls_com.flybirdgames.cookinghot,0.0
708,f_clicks_com.flybirdgames.cookinghot,0.0
709,f_app_time_com.flybirdgames.cookinghot,0.0
710,f_app_count_com.flybirdgames.cookinghot,0.0
711,f_clicks_com.google.android.ext.services,0.0
712,f_app_time_com.facebook.katana,0.0
713,f_app_count_com.facebook.katana,0.0
714,f_clicks_com.facebook.katana,0.0
715,f_scrolls_com.facebook.katana,0.0
716,f_app_time_com.google.android.captiveportallogin,0.0
717,f_app_count_com.google.android.captiveportallogin,0.0
718,f_clicks_com.google.android.captiveportallogin,0.0
719,f_clicks_org.telegram.messenger,0.0
720,f_app_category_time_Tools,0.0
721,f_clicks_app_category_Visual_Entertainment,0.0
722,f_app_count_com.google.android.youtube,0.0
723,f_app_time_com.google.android.youtube,0.0
724,f_scrolls_app_category_Transportation,0.0
725,f_app_category_count_Gaming,0.0
726,f_app_category_time_Transportation,0.0
727,f_app_category_count_Transportation,0.0
728,f_app_time_de.hafas.android.db,0.0
729,f_app_count_de.hafas.android.db,0.0
730,f_clicks_app_category_Transportation,0.0
731,f_clicks_de.hafas.android.db,0.0
732,f_scrolls_de.hafas.android.db,0.0
733,f_app_category_count_Visual_Entertainment,0.0
734,f_app_time_de.payback.client.android,0.0
735,f_app_count_de.payback.client.android,0.0
736,f_scrolls_de.payback.client.android,0.0
737,f_clicks_de.payback.client.android,0.0
738,f_app_time_com.google.android.inputmethod.latin,0.0
739,f_app_count_com.google.android.inputmethod.latin,0.0
740,f_app_category_time_Visual_Entertainment,0.0
741,f_app_count_com.playstation.remoteplay,0.0
742,f_app_time_com.playstation.remoteplay,0.0
743,f_scrolls_app_category_Gaming,0.0
744,f_app_count_com.scee.psxandroid,0.0
745,f_app_count_com.miui.notes,0.0
746,f_clicks_com.miui.notes,0.0
747,f_scrolls_com.miui.notes,0.0
748,f_clicks_com.miui.securitycenter,0.0
749,f_app_time_com.miui.calculator,0.0
750,f_app_count_com.miui.calculator,0.0
751,f_clicks_com.miui.cleaner,0.0
752,f_scrolls_com.miui.cleaner,0.0
753,f_app_time_com.xiaomi.calendar,0.0
754,f_app_count_com.xiaomi.calendar,0.0
755,f_scrolls_app_category_Time,0.0
756,f_scrolls_com.xiaomi.calendar,0.0
757,f_app_time_org.telegram.messenger,0.0
758,f_app_count_org.telegram.messenger,0.0
759,f_app_time_com.spotify.music,0.0
760,f_app_count_com.spotify.music,0.0
761,f_app_time_com.android.mms,0.0
762,f_app_time_com.miui.notes,0.0
763,f_scrolls_com.miui.calculator,0.0
764,f_clicks_com.miui.calculator,0.0
765,f_clicks_com.samsung.android.honeyboard,0.0
766,f_clicks_com.twitter.android,0.0
767,f_scrolls_com.twitter.android,0.0
768,f_app_time_de.rki.coronawarnapp,0.0
769,f_app_count_de.rki.coronawarnapp,0.0
770,f_clicks_de.rki.coronawarnapp,0.0
771,f_scrolls_de.rki.coronawarnapp,0.0
772,f_scrolls_com.samsung.android.honeyboard,0.0
773,f_clicks_com.sec.android.app.launcher,0.0
774,f_scrolls_com.wggesucht.android,0.0
775,f_app_time_com.sec.android.app.launcher,0.0
776,f_app_count_com.sec.android.app.launcher,0.0
777,f_scrolls_com.sec.android.app.launcher,0.0
778,f_scrolls_com.google.android.gms,0.0
779,f_app_time_com.wggesucht.android,0.0
780,f_app_count_com.wggesucht.android,0.0
781,f_clicks_com.wggesucht.android,0.0
782,f_app_count_com.android.mms,0.0
783,f_clicks_com.android.camera,0.0
784,f_clicks_com.android.incallui,0.0
785,f_scrolls_com.android.camera,0.0
786,f_app_count_com.android.htmlviewer,0.0
787,f_clicks_com.android.htmlviewer,0.0
788,f_app_time_de.number26.android,0.0
789,f_app_count_de.number26.android,0.0
790,f_clicks_com.miui.gallery,0.0
791,f_app_time_com.android.camera,0.0
792,f_app_count_com.android.camera,0.0
793,f_app_time_com.mi.android.globalFileexplorer,0.0
794,f_app_count_com.mi.globalbrowser,0.0
795,f_app_count_com.mi.android.globalFileexplorer,0.0
796,f_clicks_com.mi.android.globalFileexplorer,0.0
797,f_scrolls_com.mi.android.globalFileexplorer,0.0
798,f_app_time_com.miui.gallery,0.0
799,f_app_count_com.miui.gallery,0.0
800,f_scrolls_com.miui.gallery,0.0
801,f_app_time_com.scee.psxandroid,0.0
802,f_app_time_com.android.htmlviewer,0.0
803,f_app_time_com.mi.globalbrowser,0.0
804,f_clicks_com.android.contacts,0.0
805,f_app_time_com.android.deskclock,0.0
806,f_scrolls_com.android.contacts,0.0
807,f_clicks_com.miui.global.packageinstaller,0.0
808,f_clicks_com.android.mms,0.0
809,f_clicks_com.android.phone,0.0
810,f_scrolls_com.android.phone,0.0
811,f_app_category_time_Time,0.0
812,f_app_category_count_Time,0.0
813,f_app_count_com.android.deskclock,0.0
814,f_app_count_com.android.contacts,0.0
815,f_app_time_com.miui.cleaner,0.0
816,f_app_count_com.miui.cleaner,0.0
817,f_app_category_time_Security,0.0
818,f_app_category_count_Security,0.0
819,f_app_time_com.miui.securitycenter,0.0
820,f_app_count_com.miui.securitycenter,0.0
821,f_app_time_com.android.contacts,0.0
822,f_app_category_count_Tools,0.0
823,f_app_time_com.google.android.apps.docs,0.0
824,f_app_count_com.google.android.apps.docs,0.0
825,f_scrolls_app_category_Settings,0.0
826,f_app_count_com.android.vending,0.0
827,f_clicks_com.android.vending,0.0
828,f_app_category_count_System,0.0
829,f_app_time_com.google.android.packageinstaller,0.0
830,f_app_count_com.google.android.packageinstaller,0.0
831,f_clicks_com.google.android.packageinstaller,0.0
832,f_app_category_time_Internet,0.0
833,f_app_category_count_Internet,0.0
834,f_app_time_com.android.chrome,0.0
835,f_app_count_com.android.chrome,0.0
836,f_scrolls_app_category_Internet,0.0
837,f_scrolls_com.android.chrome,0.0
838,f_clicks_app_category_Internet,0.0
839,f_clicks_com.android.chrome,0.0
840,f_app_time_com.google.android.gm,0.0
841,f_app_count_com.google.android.gm,0.0
842,f_scrolls_com.google.android.gm,0.0
843,f_app_time_com.android.vending,0.0
844,f_clicks_com.google.android.googlequicksearchbox,0.0
845,f_scrolls_com.google.android.googlequicksearchbox,0.0
846,f_scrolls_app_category_Security,0.0
847,f_clicks_com.coloros.alarmclock,0.0
848,f_clicks_app_category_Audio_Entertainment,0.0
849,f_clicks_com.spotify.music,0.0
850,f_scrolls_com.spotify.music,0.0
851,f_clicks_app_category_News,0.0
852,f_scrolls_app_category_News,0.0
853,f_scrolls_com.android.mms,0.0
854,f_clicks_app_category_Security,0.0
855,f_app_count_com.google.android.googlequicksearchbox,0.0
856,f_clicks_app_category_Tools,0.0
857,f_clicks_com.google.android.gm,0.0
858,f_scrolls_app_category_Tools,0.0
859,f_scrolls_com.google.android.apps.docs,0.0
860,f_clicks_android,0.0
861,f_scrolls_android,0.0
862,f_app_time_com.google.android.googlequicksearchbox,0.0
863,f_app_category_time_Finance,0.0
864,f_app_category_count_Finance,0.0
865,f_app_time_de.traderepublic.app,0.0
866,f_internet_disconnected,0.0
867,f_clicks_com.oppo.launcher,0.0
868,f_clicks_app_category_System,0.0
869,f_clicks_com.android.systemui,0.0
870,f_ringer_mode_unknown,0.0
871,f_ringer_mode_vibrate,0.0
872,f_ringer_mode_silent,0.0
873,f_internet_else,0.0
874,f_internet_connected_mobile,0.0
875,f_scrolls_com.oppo.launcher,0.0
876,f_internet_connected_WIFI,0.0
877,f_scrolls,0.0
878,f_clicks,0.0
879,f_count_session_2h,0.0
880,f_count_session_1h,0.0
881,f_glances_since_last_session,0.0
882,f_time_since_last_session,0.0
883,f_clicks_app_category_UNKNOWN,0.0
884,f_scrolls_app_category_UNKNOWN,0.0
885,f_app_count_de.traderepublic.app,0.0
886,f_app_count_com.whatsapp,0.0
887,f_clicks_app_category_Finance,0.0
888,f_clicks_de.traderepublic.app,0.0
889,f_scrolls_app_category_Finance,0.0
890,f_scrolls_de.traderepublic.app,0.0
891,f_app_category_time_Communication,0.0
892,f_app_category_count_Communication,0.0
893,f_app_time_com.whatsapp,0.0
894,f_clicks_app_category_Communication,0.0
895,f_app_count_com.oppo.launcher,0.0
896,f_scrolls_app_category_Communication,0.0
897,f_scrolls_com.whatsapp,0.0
898,f_scrolls_app_category_System,0.0
899,f_scrolls_com.android.systemui,0.0
900,f_app_category_time_UNKNOWN,0.0
901,f_app_category_count_UNKNOWN,0.0
902,f_app_time_com.oppo.launcher,0.0
903,f_scrolls_com.android.settings,0.0
904,f_clicks_com.android.settings,0.0
905,f_app_time_com.google.android.gms,0.0
906,f_clicks_app_category_Settings,0.0
907,f_app_category_count_Audio_Entertainment,0.0
908,f_app_time_com.google.android.apps.podcasts,0.0
909,f_app_count_com.google.android.apps.podcasts,0.0
910,f_app_time_de.miele.infocontrol,0.0
911,f_app_count_de.miele.infocontrol,0.0
912,f_scrolls_de.miele.infocontrol,0.0
913,f_scrolls_app_category_Orientation,0.0
914,f_scrolls_com.google.android.apps.maps,0.0
915,f_app_category_time_Shopping,0.0
916,f_app_category_count_Shopping,0.0
917,f_scrolls_app_category_Shopping,0.0
918,f_app_time_com.google.android.apps.fitness,0.0
919,f_app_count_com.google.android.apps.fitness,0.0
920,f_clicks_com.google.android.apps.fitness,0.0
921,f_scrolls_app_category_Health,0.0
922,f_scrolls_com.google.android.apps.fitness,0.0
923,f_app_category_time_Settings,0.0
924,f_app_category_time_Audio_Entertainment,0.0
925,f_app_count_com.google.android.GoogleCamera,0.0
926,f_app_time_com.google.android.GoogleCamera,0.0
927,f_clicks_app_category_Orientation,0.0
928,f_app_count_com.google.android.gms,0.0
929,f_app_time_de.dm.meindm.android,0.0
930,f_app_count_de.dm.meindm.android,0.0
931,f_app_category_time_Orientation,0.0
932,f_app_category_count_Orientation,0.0
933,f_app_time_com.google.android.apps.maps,0.0
934,f_app_count_com.google.android.apps.maps,0.0
935,f_clicks_com.google.android.apps.maps,0.0
936,f_app_category_count_Photo,0.0
937,f_clicks_app_category_Photo,0.0
938,f_clicks_com.google.android.GoogleCamera,0.0
939,f_scrolls_app_category_Photo,0.0
940,f_scrolls_com.google.android.GoogleCamera,0.0
941,f_app_time_com.google.android.permissioncontroller,0.0
942,f_app_count_com.google.android.permissioncontroller,0.0
943,f_app_category_time_Photo,0.0
944,f_app_category_count_Settings,0.0
945,f_app_time_com.android.settings,0.0
946,f_app_count_com.android.settings,0.0
947,f_app_time_com.google.android.apps.nexuslauncher,0.0
948,f_clicks_com.mergegame.merge,0.0
949,f_app_time_com.mergegame.merge,0.0
950,f_app_count_com.mergegame.merge,0.0
951,f_scrolls_com.google.android.apps.nexuslauncher,0.0
952,f_clicks_com.instagram.android,0.0
953,f_scrolls_app_category_Social_Media,0.0
954,f_scrolls_com.instagram.android,0.0
955,f_app_count_com.google.android.apps.nexuslauncher,0.0
956,f_app_count_com.pinterest,0.0
957,f_clicks_com.google.android.apps.nexuslauncher,0.0
958,f_app_category_time_Social_Media,0.0
959,f_app_category_count_Social_Media,0.0
960,f_app_time_com.instagram.android,0.0
961,f_app_count_com.instagram.android,0.0
962,f_internet_connected_WIFI_wlan0,0.0
963,f_internet_connected_WIFI_nan,0.0
964,f_scrolls_com.pinterest,0.0
965,f_app_time_com.pinterest,0.0
966,f_clicks_com.biglime.cookingmadness,0.0
967,f_app_count_io.randomco.travel,0.0
968,f_app_time_com.google.android.apps.messaging,0.0
969,f_app_count_com.google.android.apps.messaging,0.0
970,f_scrolls_com.google.android.apps.messaging,0.0
971,f_scrolls_com.biglime.cookingmadness,0.0
972,f_app_time_com.biglime.cookingmadness,0.0
973,f_app_count_com.biglime.cookingmadness,0.0
974,f_app_time_io.randomco.travel,0.0
975,f_scrolls_com.mergegame.merge,0.0
976,f_scrolls_org.thoughtcrime.securesms,0.0
977,f_scrolls_com.android.vending,0.0
978,f_app_category_time_Health,0.0
979,f_app_category_count_Health,0.0
980,f_clicks_app_category_Health,0.0
981,f_app_time_org.thoughtcrime.securesms,0.0
982,f_app_count_org.thoughtcrime.securesms,0.0
983,f_clicks_org.thoughtcrime.securesms,0.0
984,f_clicks_com.sec.android.app.clockpackage,0.0
985,f_clicks_app_category_Time,0.0
986,f_app_count_com.twitter.android,0.0
987,f_app_time_com.zhiliaoapp.musically,0.0
988,f_app_time_de.empfohlen,0.0
989,f_app_count_de.empfohlen,0.0
990,f_scrolls_de.empfohlen,0.0
991,f_clicks_de.empfohlen,0.0
992,f_app_time_com.lidl.eci.lidlplus,0.0
993,f_app_count_com.lidl.eci.lidlplus,0.0
994,f_clicks_com.lidl.eci.lidlplus,0.0
995,f_scrolls_com.lidl.eci.lidlplus,0.0
996,f_app_time_de.mcdonalds.mcdonaldsinfoapp,0.0
997,f_app_count_de.mcdonalds.mcdonaldsinfoapp,0.0
998,f_clicks_de.mcdonalds.mcdonaldsinfoapp,0.0
999,f_scrolls_de.mcdonalds.mcdonaldsinfoapp,0.0
1000,f_app_time_com.shazam.android,0.0
1001,f_app_count_com.shazam.android,0.0
1002,f_clicks_com.shazam.android,0.0
1003,f_scrolls_com.shazam.android,0.0
1004,f_scrolls_com.sec.android.app.camera,0.0
1005,f_app_count_com.funplus.coa,0.0
1006,f_app_time_com.funplus.coa,0.0
1007,f_scrolls_io.gonative.android.pmqloj,0.0
1008,f_app_time_com.android.settings.intelligence,0.0
1009,f_clicks_de.swm.mvgfahrinfo.muenchen,0.0
1010,f_scrolls_de.swm.mvgfahrinfo.muenchen,0.0
1011,f_clicks_com.wssyncmldm,0.0
1012,f_app_time_com.MelsoftGames.FamilyIslandFarm,0.0
1013,f_app_count_com.MelsoftGames.FamilyIslandFarm,0.0
1014,f_clicks_com.app.tgtg,0.0
1015,f_clicks_com.android.settings.intelligence,0.0
1016,f_app_count_com.android.settings.intelligence,0.0
1017,f_app_count_io.gonative.android.pmqloj,0.0
1018,f_scrolls_com.android.settings.intelligence,0.0
1019,f_app_time_com.samsung.android.app.telephonyui,0.0
1020,f_app_count_com.samsung.android.app.telephonyui,0.0
1021,f_scrolls_com.google.android.permissioncontroller,0.0
1022,f_app_time_de.sevenmind.android,0.0
1023,f_app_count_de.sevenmind.android,0.0
1024,f_app_time_io.gonative.android.pmqloj,0.0
1025,f_clicks_com.sec.android.app.sbrowser,0.0
1026,f_scrolls_com.sec.android.app.sbrowser,0.0
1027,f_app_time_com.samsung.android.email.provider,0.0
1028,f_scrolls_com.samsung.android.app.notes,0.0
1029,f_app_time_com.disney.disneyplus,0.0
1030,f_app_count_com.disney.disneyplus,0.0
1031,f_app_time_com.samsung.android.app.smartcapture,0.0
1032,f_app_count_com.samsung.android.app.smartcapture,0.0
1033,f_app_time_com.samsung.android.app.notes,0.0
1034,f_app_count_com.samsung.android.app.notes,0.0
1035,f_clicks_com.samsung.android.app.notes,0.0
1036,f_app_time_com.sec.android.mimage.photoretouching,0.0
1037,f_app_count_com.samsung.android.messaging,0.0
1038,f_app_count_com.sec.android.mimage.photoretouching,0.0
1039,f_clicks_com.sec.android.mimage.photoretouching,0.0
1040,f_clicks_com.sec.android.cover.ledcover,0.0
1041,f_app_time_com.ebay.kleinanzeigen,0.0
1042,f_app_count_com.ebay.kleinanzeigen,0.0
1043,f_clicks_com.ebay.kleinanzeigen,0.0
1044,f_scrolls_com.ebay.kleinanzeigen,0.0
1045,f_scrolls_com.samsung.android.messaging,0.0
1046,f_app_time_com.samsung.android.messaging,0.0
1047,f_app_count_com.samsung.android.email.provider,0.0
1048,f_scrolls_com.samsung.android.app.galaxyfinder,0.0
1049,f_clicks_com.samsung.android.email.provider,0.0
1050,f_scrolls_com.samsung.android.email.provider,0.0
1051,f_app_time_com.sec.android.app.sbrowser,0.0
1052,f_app_count_com.sec.android.app.sbrowser,0.0
1053,f_app_time_com.samsung.android.app.galaxyfinder,0.0
1054,f_app_count_com.samsung.android.app.galaxyfinder,0.0
1055,f_clicks_com.samsung.android.app.galaxyfinder,0.0
1056,f_clicks_org.telegram.messenger.web,0.0
1057,f_app_count_com.vizorapps.klondike,0.0
1058,f_app_time_org.telegram.messenger.web,0.0
1059,f_app_count_org.telegram.messenger.web,0.0
1060,f_scrolls_org.telegram.messenger.web,0.0
1061,f_clicks_com.vizorapps.klondike,0.0
1062,f_app_time_com.moonactive.coinmaster,0.0
1063,f_app_count_com.moonactive.coinmaster,0.0
1064,f_app_time_com.vizorapps.klondike,0.0
1065,f_app_count_com.zhiliaoapp.musically,0.0
1066,f_app_count_de.swm.mvgfahrinfo.muenchen,0.0
1067,f_app_time_com.paypal.android.p2pmobile,0.0
1068,f_app_time_de.swm.mvgfahrinfo.muenchen,0.0
1069,f_app_count_com.starfinanz.mobile.android.dkbpushtan,0.0
1070,f_scrolls_com.audible.application,0.0
1071,f_app_category_time_Career,0.0
1072,f_app_category_count_Career,0.0
1073,f_scrolls_app_category_Career,0.0
1074,f_app_time_com.fitbit.FitbitMobile,0.0
1075,f_app_count_com.fitbit.FitbitMobile,0.0
1076,f_clicks_com.fitbit.FitbitMobile,0.0
1077,f_scrolls_com.fitbit.FitbitMobile,0.0
1078,f_clicks_com.audible.application,0.0
1079,f_clicks_com.nianticlabs.pokemongo,0.0
1080,f_clicks_com.cjin.pokegenie.standard,0.0
1081,f_app_time_com.cjin.pokegenie.standard,0.0
1082,f_app_count_com.cjin.pokegenie.standard,0.0
1083,f_scrolls_com.cjin.pokegenie.standard,0.0
1084,f_app_time_com.audible.application,0.0
1085,f_app_count_com.audible.application,0.0
1086,f_app_time_com.starfinanz.mobile.android.dkbpushtan,0.0
1087,f_clicks_com.google.android.apps.paidtasks,0.0
1088,f_scrolls_com.google.android.apps.paidtasks,0.0
1089,f_app_time_com.sonos.acr2,0.0
1090,f_app_count_com.pons.onlinedictionary,0.0
1091,f_clicks_com.pons.onlinedictionary,0.0
1092,f_scrolls_com.pons.onlinedictionary,0.0
1093,f_absentminded_use,0.0
1094,f_app_time_com.huawei.android.launcher,0.0
1095,f_scrolls_com.huawei.android.launcher,0.0
1096,f_clicks_com.sonos.acr2,0.0
1097,f_app_count_com.sonos.acr2,0.0
1098,f_app_count_com.ubercab,0.0
1099,f_scrolls_com.sonos.acr2,0.0
1100,f_scrolls_com.amazon.avod.thirdpartyclient,0.0
1101,f_app_time_com.netflix.mediaclient,0.0
1102,f_app_count_com.netflix.mediaclient,0.0
1103,f_scrolls_app_category_Knowledge,0.0
1104,f_internet_connected_WIFI_wifiName,0.0
1105,f_app_time_com.ubercab,0.0
1106,f_clicks_app_category_Career,0.0
1107,f_clicks_com.zhiliaoapp.musically,0.0
1108,f_scrolls_com.zhiliaoapp.musically,0.0
1109,f_app_time_com.adobe.reader,0.0
1110,f_scrolls_com.netflix.mediaclient,0.0
1111,f_app_time_com.nianticlabs.pokemongo,0.0
1112,f_app_count_com.nianticlabs.pokemongo,0.0
1113,f_app_time_fr.vinted,0.0
1114,f_app_count_fr.vinted,0.0
1115,f_scrolls_fr.vinted,0.0
1116,f_clicks_fr.vinted,0.0
1117,f_app_count_com.adobe.reader,0.0
1118,f_scrolls_com.reddit.frontpage,0.0
1119,f_scrolls_com.adobe.reader,0.0
1120,f_clicks_de.rossmann.app.android,0.0
1121,f_scrolls_de.rossmann.app.android,0.0
1122,f_app_time_de.rossmann.app.android,0.0
1123,f_app_count_de.rossmann.app.android,0.0
1124,f_app_time_de.edeka.genuss,0.0
1125,f_app_count_de.edeka.genuss,0.0
1126,f_clicks_com.netflix.mediaclient,0.0
1127,f_clicks_com.reddit.frontpage,0.0
1128,f_app_time_com.sec.android.app.shealth,0.0
1129,f_app_time_org.iggymedia.periodtracker,0.0
1130,f_app_count_com.sec.android.app.shealth,0.0
1131,f_app_time_com.amazon.avod.thirdpartyclient,0.0
1132,f_app_count_com.amazon.avod.thirdpartyclient,0.0
1133,f_app_time_de.dkb.portalapp,0.0
1134,f_app_count_de.dkb.portalapp,0.0
1135,f_scrolls_de.dkb.portalapp,0.0
1136,f_clicks_de.dkb.portalapp,0.0
1137,f_app_count_org.iggymedia.periodtracker,0.0
1138,f_app_count_com.reddit.frontpage,0.0
1139,f_clicks_org.iggymedia.periodtracker,0.0
1140,f_scrolls_org.iggymedia.periodtracker,0.0
1141,f_app_time_com.lolchess.tft,0.0
1142,f_app_count_com.lolchess.tft,0.0
1143,f_clicks_com.lolchess.tft,0.0
1144,f_scrolls_com.lolchess.tft,0.0
1145,f_app_time_com.reddit.frontpage,0.0
1146,f_clicks_com.snapchat.android,0.0
1147,f_app_count_com.paypal.android.p2pmobile,0.0
1148,f_app_time_com.twitter.android,0.0
1149,f_clicks_com.sec.android.app.popupcalculator,0.0
1150,f_clicks_com.advanzia.mobile,0.0
1151,f_app_time_de.comdirect.app,0.0
1152,f_app_count_de.comdirect.app,0.0
1153,f_clicks_de.comdirect.app,0.0
1154,f_scrolls_de.comdirect.app,0.0
1155,f_app_time_de.fiduciagad.banking.vr,0.0
1156,f_app_count_de.fiduciagad.banking.vr,0.0
1157,f_app_category_time_Knowledge,0.0
1158,f_app_category_count_Knowledge,0.0
1159,f_app_time_com.microsoft.translator,0.0
1160,f_app_count_com.microsoft.translator,0.0
1161,f_clicks_app_category_Knowledge,0.0
1162,f_clicks_com.microsoft.translator,0.0
1163,f_app_time_com.extraetf.app,0.0
1164,f_app_count_com.extraetf.app,0.0
1165,f_scrolls_com.extraetf.app,0.0
1166,f_clicks_com.extraetf.app,0.0
1167,f_scrolls_com.advanzia.mobile,0.0
1168,f_app_count_com.advanzia.mobile,0.0
1169,f_app_time_com.advanzia.mobile,0.0
1170,f_app_time_com.sec.android.gallery3d,0.0
1171,f_app_count_com.barclaycard.germany,0.0
1172,f_clicks_com.barclaycard.germany,0.0
1173,f_scrolls_com.barclaycard.germany,0.0
1174,f_app_time_com.samsung.android.calendar,0.0
1175,f_app_count_com.samsung.android.calendar,0.0
1176,f_clicks_com.samsung.android.calendar,0.0
1177,f_scrolls_com.samsung.android.calendar,0.0
1178,f_app_count_com.sec.android.gallery3d,0.0
1179,f_app_count_com.supercell.clashofclans,0.0
1180,f_clicks_com.sec.android.gallery3d,0.0
1181,f_scrolls_com.sec.android.gallery3d,0.0
1182,f_app_time_com.northpark.drinkwater,0.0
1183,f_app_count_com.northpark.drinkwater,0.0
1184,f_clicks_com.northpark.drinkwater,0.0
1185,f_scrolls_com.northpark.drinkwater,0.0
1186,f_app_time_com.supercell.clashofclans,0.0
1187,f_app_time_com.deutschebahn.app.android,0.0
1188,f_app_count_com.deutschebahn.app.android,0.0
1189,f_clicks_com.deutschebahn.app.android,0.0
1190,f_clicks_com.sec.android.daemonapp,0.0
1191,f_clicks_com.opera.touch,0.0
1192,f_scrolls_com.opera.touch,0.0
1193,f_app_time_com.nordvpn.android,0.0
1194,f_app_count_com.nordvpn.android,0.0
1195,f_clicks_com.nordvpn.android,0.0
1196,f_scrolls_com.nordvpn.android,0.0
1197,f_scrolls_org.telegram.messenger,0.0
1198,f_app_time_de.tellonym.app,0.0
1199,f_app_time_com.opera.touch,0.0
1200,f_app_count_de.tellonym.app,0.0
1201,f_scrolls_de.tellonym.app,0.0
1202,f_clicks_com.samsung.android.lool,0.0
1203,f_app_time_de.web.mobile.android.mail,0.0
1204,f_app_count_de.web.mobile.android.mail,0.0
1205,f_clicks_de.web.mobile.android.mail,0.0
1206,f_scrolls_de.web.mobile.android.mail,0.0
1207,f_app_count_com.opera.touch,0.0
1208,f_app_count_de.freenet.mail,0.0
1209,f_scrolls_com.deutschebahn.app.android,0.0
1210,f_scrolls_com.samsung.android.dialer,0.0
1211,f_app_time_com.sec.android.app.clockpackage,0.0
1212,f_app_count_com.sec.android.app.clockpackage,0.0
1213,f_app_time_com.samsung.android.incallui,0.0
1214,f_app_count_com.samsung.android.incallui,0.0
1215,f_clicks_com.samsung.android.incallui,0.0
1216,f_app_time_com.samsung.android.dialer,0.0
1217,f_app_count_com.samsung.android.dialer,0.0
1218,f_clicks_com.samsung.android.dialer,0.0
1219,f_app_time_de.freenet.mail,0.0
1220,f_app_time_com.discord,0.0
1221,f_app_count_com.discord,0.0
1222,f_clicks_com.discord,0.0
1223,f_scrolls_com.discord,0.0
1224,f_internet_connected_WIFI_tun0,0.0
1225,f_clicks_de.freenet.mail,0.0
1226,f_scrolls_de.freenet.mail,0.0
1227,f_app_time_com.barclaycard.germany,0.0
1228,f_app_count_com.sec.android.app.popupcalculator,0.0
1229,f_clicks_com.paypal.android.p2pmobile,0.0
1230,f_app_time_com.sec.android.app.popupcalculator,0.0
1231,f_app_time_com.sec.android.daemonapp,0.0
1232,f_app_count_com.sec.android.daemonapp,0.0
1233,f_scrolls_com.sec.android.daemonapp,0.0
1234,f_scrolls_com.sec.android.app.clockpackage,0.0
1235,f_app_time_com.ebay.mobile,0.0
1236,f_app_count_com.ebay.mobile,0.0
1237,f_scrolls_com.ebay.mobile,0.0
1238,f_clicks_com.samsung.android.app.aodservice,0.0
1239,f_scrolls_camera.seissiger.notify,0.0
1240,f_app_time_de.dwd.warnapp,0.0
1241,f_app_count_de.dwd.warnapp,0.0
1242,f_scrolls_de.dwd.warnapp,0.0
1243,f_app_category_time_Weather,0.0
1244,f_app_category_count_Weather,0.0
1245,f_app_time_de.wetteronline.wetterapp,0.0
1246,f_app_count_de.wetteronline.wetterapp,0.0
1247,f_clicks_app_category_Weather,0.0
1248,f_clicks_com.samsung.android.app.smartcapture,0.0
1249,f_scrolls_ch.publisheria.bring,0.0
1250,f_clicks_ch.publisheria.bring,0.0
1251,f_scrolls_com.samsung.android.lool,0.0
1252,f_scrolls_com.paypal.android.p2pmobile,0.0
1253,f_app_time_com.samsung.android.app.contacts,0.0
1254,f_app_count_com.samsung.android.app.contacts,0.0
1255,f_app_time_com.google.android.apps.walletnfcrel,0.0
1256,f_app_count_com.google.android.apps.walletnfcrel,0.0
1257,f_app_time_com.samsung.android.lool,0.0
1258,f_app_count_com.samsung.android.lool,0.0
1259,f_clicks_de.dhl.paket,0.0
1260,f_app_count_ch.publisheria.bring,0.0
1261,f_app_time_com.sec.android.app.camera,0.0
1262,f_app_count_com.sec.android.app.camera,0.0
1263,f_clicks_com.sec.android.app.camera,0.0
1264,f_app_time_de.dhl.paket,0.0
1265,f_app_count_de.dhl.paket,0.0
1266,f_scrolls_de.dhl.paket,0.0
1267,f_app_time_ch.publisheria.bring,0.0
1268,f_clicks_de.wetteronline.wetterapp,0.0
1269,f_scrolls_app_category_Weather,0.0
1270,f_scrolls_de.wetteronline.wetterapp,0.0
1271,f_scrolls_com.android.documentsui,0.0
1272,f_scrolls_com.sec.android.app.samsungapps,0.0
1273,f_app_time_com.samsung.android.forest,0.0
1274,f_app_count_com.samsung.android.forest,0.0
1275,f_app_category_time_News,0.0
1276,f_app_category_count_News,0.0
1277,f_app_time_com.android.documentsui,0.0
1278,f_app_count_com.android.documentsui,0.0
1279,f_app_time_com.microsoft.office.outlook,0.0
1280,f_app_count_com.sec.android.app.samsungapps,0.0
1281,f_app_count_com.microsoft.office.outlook,0.0
1282,f_clicks_com.microsoft.office.outlook,0.0
1283,f_scrolls_com.microsoft.office.outlook,0.0
1284,f_app_time_in.sweatco.app,0.0
1285,f_app_count_in.sweatco.app,0.0
1286,f_clicks_in.sweatco.app,0.0
1287,f_scrolls_in.sweatco.app,0.0
1288,f_clicks_com.sec.android.app.samsungapps,0.0
1289,f_app_time_com.sec.android.app.samsungapps,0.0
1290,f_app_time_com.wssyncmldm,0.0
1291,f_scrolls_tv.twitch.android.app,0.0
1292,f_app_count_com.wssyncmldm,0.0
1293,f_app_time_camera.seissiger.notify,0.0
1294,f_app_count_camera.seissiger.notify,0.0
1295,f_clicks_camera.seissiger.notify,0.0
1296,f_app_time_tv.twitch.android.app,0.0
1297,f_app_count_tv.twitch.android.app,0.0
1298,f_clicks_tv.twitch.android.app,0.0
1299,f_app_time_com.snapchat.android,0.0
1300,f_scrolls_com.valvesoftware.android.steam.community,0.0
1301,f_app_count_com.snapchat.android,0.0
1302,f_scrolls_com.snapchat.android,0.0
1303,f_clicks_com.android.documentsui,0.0
1304,f_app_time_com.valvesoftware.android.steam.community,0.0
1305,f_app_count_com.valvesoftware.android.steam.community,0.0
1306,f_clicks_app_category_Gaming,0.0
1307,f_clicks_com.valvesoftware.android.steam.community,0.0
1308,f_app_category_time_other,0.0
